Combination: ('년도 및 분기',)
년도 및 분기,count
2015년 하반기,775
2016년 하반기,723
2016년 상반기,677
2017년 하반기,439
2017년 상반기,373
2015년 상반기,343
2018년 하반기,332
2018년 상반기,309
2019년 하반기,262
2019년 상반기,245
2022년 상반기,227
2021년 하반기,217
2022년 하반기,208
2021년 상반기,177
2023년 상반기,175
2020년 상반기,174
2020년 하반기,145
2014년 하반기,55
2023년 하반기,44
2014년 상반기,21
2013년 하반기,18
2013년 상반기,9

Combination: ('회사명',)
회사명,count
삼성전자㈜,193
GS리테일,127
SK하이닉스(주),74
엘지전자㈜,73
CJ제일제당(주),66
현대자동차㈜,66
㈜KT,61
한국전력공사,53
한국철도공사,47
현대모비스㈜,46
NH농협은행,41
㈜BGF리테일,39
한국가스공사,37
대한항공,37
씨제이올리브네트웍스㈜,36
(주)LG화학,34
엘지디스플레이,34
한국중부발전(주),33
CJ대한통운(주),33
SK텔레콤,32
한샘,32
롯데IT테크(주),31
한국동서발전(주),31
포스코홀딩스,31
한국수자원공사,30
중소기업은행,30
현대제철주식회사,29
국민건강보험공단,29
한국토지주택공사,28
현대오토에버㈜,28
현대글로비스(주),28
㈜효성,27
현대트랜시스,26
기아㈜,26
㈜우리은행,26
㈜CJ ENM,25
엔에이치엔(주),24
한국서부발전(주),24
한국지역난방공사,24
근로복지공단,23
한국산업인력공단,22
신한은행,21
현대오일뱅크(주),21
(주)한진,21
㈜국민은행,20
현대카드,20
SK C&C,20
한전KPS(주),20
삼성화재해상보험,20
한국타이어앤테크놀로지(주),20
쿠팡(주),19
(주)아모레퍼시픽,19
CJ 프레시웨이,19
현대위아(주),18
(주)동원F&B,17
한화S&C㈜,17
넷마블(주),17
코리아세븐,17
SK이노베이션(주),16
서울교통공사,16
한국수력원자력(주),16
롯데칠성음료(주),16
에프알엘코리아,15
한국남부발전(주),15
새마을금고중앙회,15
한화생명보험㈜,15
에이치디한국조선해양㈜,15
네이버,15
CJ E&M㈜,15
(주)오뚜기,15
(주)서브원,15
(주)LG생활건강,14
롯데케미칼(주),14
KCC,14
한국자산관리공사,14
한국남동발전(주),14
서울시설공단,14
대림산업㈜,14
세메스(주),13
인천국제공항공사,13
㈜셀트리온,13
LG CNS,13
한미약품(주),13
한국산업기술진흥원,13
(주)대웅제약,13
GS칼텍스(주),13
삼성바이오로직스(주),13
(주)엔씨소프트,13
한국도로공사,13
건강보험심사평가원,13
서울주택도시공사,13
현대엔지니어링(주),12
에이치케이이노엔(주),12
국민연금공단,12
LG 이노텍,12
금호타이어(주),12
두산에너빌리티(주),12
라인플러스(주),12
삼성SDI(주),12
한세실업㈜,11
한화시스템(주),11
(주)해커스어학원,11
삼성디스플레이(주),11
㈜마이다스아이티,11
(주)퍼시스,11
한국주택금융공사,11
㈜티맥스소프트,11
한국투자증권(주),11
㈜인바디,11
교보생명,10
한국콜마홀딩스(주),10
한국가스안전공사,10
㈜다우기술,10
(주)이랜드리테일,10
㈜동원홈푸드,10
현대건설(주),10
롯데슈퍼,10
해태제과식품(주),10
(주)삼양홀딩스,10
롯데건설(주),10
샘표식품㈜,10
아시아나항공(주),10
현대백화점,10
도로교통공단,10
㈜현대그린푸드,10
빙그레,10
주식회사 경신,9
㈜대우건설,9
㈜엘지헬로비전,9
(주)넥슨네트웍스,9
한화솔루션㈜,9
금호석유화학(주),9
비씨카드(주),9
삼성물산(주),9
SK브로드밴드(주),9
삼성전기(주),9
전력거래소,9
신한카드(주),9
E1,9
에이에스엠엘코리아(주),9
국립공원공단,9
예금보험공사,9
신용보증기금,9
DB손해보험㈜,9
LX Pantos,9
CJ CGV(주),9
㈜세스코,9
미래에셋증권㈜,9
롯데하이마트(주),8
부산교통공사,8
SK E&S,8
(주)웹젠,8
만도,8
(주)포스코이앤씨,8
코스맥스비티아이(주),8
S-OIL,8
SK㈜,8
한국항공우주산업(주),8
동원로엑스(주),8
롯데쇼핑(주),8
(주)케이티디에스,8
(주)신세계,8
SPC삼립,8
삼성생명보험㈜,8
현대코퍼레이션(주),8
수산업협동조합중앙회,8
YES24㈜,8
세방(주),8
(주)삼양사,8
㈜컴투스,8
씨제이푸드빌,8
㈜한화,8
삼성에스디에스,8
엔테크서비스(주),8
(주)경동나비엔,8
이랜드월드,8
(주)에스씨케이컴퍼니,8
오비맥주(주),8
한국농어촌공사,8
LG유플러스,7
㈜GS홈쇼핑,7
LF,7
㈜포스코인터내셔널,7
롯데지주㈜,7
진에어,7
롯데캐피탈(주),7
㈜IBK캐피탈,7
캐논코리아(주),7
에스피씨㈜,7
데상트코리아㈜,7
(주)선진,7
에이치디현대인프라코어㈜,7
삼성화재서비스손해사정㈜,7
한국관광공사,7
(주)넥슨코리아,7
㈜티몬,7
삼성중공업(주),7
엘에스엠트론,7
한국피앤지판매(유),7
CJ올리브영,7
현대종합금속(주),7
SK네트웍스(주),7
(주)케이티앤지,7
한국아이비엠(주),7
(주)크라운해태홀딩스,6
한국보훈복지의료공단,6
신용협동조합중앙회,6
㈜하나투어,6
(주)대림,6
한국에너지공단,6
(주)DB하이텍,6
(주)IBK시스템,6
애경그룹,6
㈜인터파크트리플,6
한국마사회,6
한국예탁결제원,6
홈플러스㈜,6
(주)SIMPAC,6
현대오트론(주),6
㈜오리온,6
한국전기안전공사,6
(재)한국장학재단,6
코웨이㈜,6
엘에스전선㈜,6
SK디스커버리,6
삼성그룹,6
(주)안랩,6
(주)아트박스,6
고려해운(주),6
(주)현대리바트,6
SK플래닛,6
일동홀딩스,6
OCI 홀딩스㈜,6
(주)스마일게이트엔터테인먼트,6
(주)이랜드건설,6
한화호텔앤드리조트㈜,6
(주)이마트에브리데이,6
서울보증보험(주),6
(주)이스트소프트,6
코오롱글로벌,6
한국환경공단,6
롯데마트,6
현대엘리베이터(주),6
한전KDN,6
(주)SBS,6
㈜위메프,5
㈜엔에스쇼핑,5
(주)호텔신라,5
한국국토정보공사,5
경기주택도시공사,5
한국로버트보쉬㈜,5
LG에너지솔루션,5
SK에코플랜트㈜,5
코오롱인더스트리㈜,5
코오롱생명과학(주),5
광동제약㈜,5
한국산업단지공단,5
㈜ 커피빈코리아,5
한국산업기술기획평가원,5
㈜GS글로벌,5
㈜KB데이타시스템,5
㈜지마켓,5
국가철도공단,5
한국부동산원,5
㈜하나금융티아이,5
㈜농심,5
㈜포스코,5
㈜티웨이항공,5
㈜케이티알파,5
㈜커넥트웨이브,5
대원제약(주),5
하나카드(주),5
㈜에치와이,5
(주)슈피겐코리아,5
주택도시보증공사,5
중소기업중앙회,5
우리에프아이에스㈜,5
현대파워텍(주),5
현대해상화재보험㈜,5
애경산업(주),5
두산건설(주),5
(주)코리아써키트,5
에스케이실트론(주),5
한국전자통신연구원,5
동서식품,5
(주)녹십자,5
도쿄일렉트론코리아(주),5
롯데푸드㈜,5
(주)한글과컴퓨터,5
(주)LG생명과학,5
이랜드월드패션사업부,5
일성신약,5
미원상사㈜,5
서울아산병원,5
현대중공업,5
(주)네패스,5
(주)아이마켓코리아,5
삼성웰스토리㈜,5
르노삼성자동차㈜,5
(주)KB손해사정,5

Combination: ('학력',)
학력,count
서울4년,2479
지방4년,1303
수도권4년,1068
대학원,447
고졸,252
대졸4년,216
초대졸,108
해외대학,79

Combination: ('과',)
과,count
경영학과,316
0,252
경제학과,175
기계공학과,161
컴퓨터공학과,153
경영학부,135
전자공학과,99
컴퓨터공학,92
행정학과,87
전자공학,83
컴퓨터공학부,82
화학공학,72
컴퓨터학부,72
경영학,64
전기전자,59
경제,57
경영,55
산업경영공학과,50
기계공학,49
법학과,48
법,46
무역학과,45
화학공학과,45
국제통상학과,43
회계세무학과,42
기계설계공학과,42
영어영문학,39
환경공학과,39
국제의료경영학과,39
응용통계학과,37
기계공학부,35
전기생체공학부,35
중국어교육전공,33
전기공학과,32
도시계획부동산,32
산업공학과,32
전자공학부,32
경영계열,31
공공인재학부,31
경제학부,31
중어중문학과,30
화공생명공학과,28
정보통신공학,28
산업공학,27
고분자공학과,27
정보통신공학과,26
영어교육학과,25
화학공학부,25
국어국문,24
식품영양학과,24
반도체&디스플레이과학경영학과,23
산업시스템공학과,23
사회계열,23
식품생명공학과,23
신소재 공학,23
노인복지보건,22
소프트웨어공학과,21
영어영문학과,21
독어독문학과,20
경제통상학부,20
유기나노시스템공학과,20
수학과,20
전자컴퓨터통신공,19
법학,19
경영대학 경영학과,19
응용화학생명공학과,18
글로벌경영학과,18
국제물류학과,18
관광경영,18
한문학과,17
산업경제학과,17
건축공학과,17
글로벌경영,17
경영학과 마케팅경영전공,17
경영정보학과,17
사회복지학과,16
신소재공학과,16
전자전기공학부,16
통계학,16
광고홍보학과,16
국제경영학과,16
중어중문,15
메카트로닉스공학과,15
경제금융,15
안전공학과,15
사학과,15
정보통신전자공,15
전기공학,14
한국사학과,14
발명특허,14
화학과,14
신문방송학과,14
경영정보,14
건축공학부,14
언론홍보학과,13
국제경영학,13
회계학과,13
Business Administration,13
환경공학과/화학공학(복수전공),13
식품자원경제학,13
사회학과,13
건축학과,13
컴퓨터소프트웨어공학과,13
통계학과,13
중국언어문화학,13
신문방송학,12
자동차IT융합학과,12
도시공학과/국제물류학과,12
체육학과/경영학과,12
노인복지보건학과,12
전자전기컴퓨터,12
기계과 기계시스템전공,12
금융보험학과,11
기계.금속교육전공,11
컴퓨터공,11
무역학,11
미디어학부,11
상경학부,11
전자IT미디어공학과,11
도시공,11
정보통신전자공학/모바일유비쿼터스융복합,11
신소재화학과,11
행정학,11
휴먼ICT융합학과,11
물리학과,10
무역학부,10
섬유시스템공학과,10
역사콘텐츠학과,10
전기전자계열,10
금융경제,10
"무역학과,경영학과(복수전공)",10
산업환경보건학과,10
신소재공학,10
조선해양공학과,10
전자공학전공,10
인문학부,9
역사,9
화학공학/고분자공학부,9
중국문화/경영,9
정보통계학과,9
컴퓨터공학부 컴퓨터공학전공,9
정보통신전자공학부,9
기계공/ 바이오융합기술,9
중국어과,9
기계로봇공학,9
화공생명공학,9
재료공학과,9
e-비즈니스과,9
행정학부,9
컴퓨터소프트웨어공학전공,9
화학생명공학,8
경영학과_경영전공,8
경제학,8
일어일문학과,8
화학공,8
부동산학과,8
응용통계,8
교육학과,8
국제관계학과,8
자동차공학과,8
전기전자공학과,8
생명과학부,8
전파정보통신공학과,8
국제통상,8
고분자시스템공학과,8
컨벤션호텔경영학과,8
국제통상과,8
전자통신공학과,8
정보시스템,8
전자재료공학과,8
컴공,7
영문,7
영어영문,7
신문학,7
IT응용공학과,7
불어불문,7
컴퓨터정보통신공학과,7
기계설계,7
융합기계공학전공,7
금융학과,7
생명화학공학과,7
시각디자인학과,7
수학,7
컴퓨터과학부,7
기계시스템공학과,7
인도네시아ㆍ말레이시아어과,7
물류시스템공학과,7
정책학과,7
문화콘텐츠학과,7
생물공학,7
융합전자공학부,6
국제통상학부,6
컴퓨터,6
미디어학과,6
제어계측공학과,6
회계,6
중어중문과,6
문화기획,6
국제통상학전공,6
영어통번역학과,6
응용화학공학과,6
사이버보안학과,6
사학,6
파이낸스경영학과,6
소프트웨어학과,6
상경계열,6
Labor and Employment Relations,6
컴퓨터과학,6
석유공학,6
환경공학,6
식품공학과(공학),6
통계,6
간호학과(4년제),6
컴퓨터정보공학부,6
신소재공학부 금속신소재공학전공,6
전자전기공학과,6
경영학과 경영학전공,6
신문방송,6
국어국문학,6
중국지역통상학과,5
컴퓨터소프트웨어,5
미디어커뮤니케이션학과,5
경제금융학과,5
어문계열,5
시스템경영공학과,5
영어통번역전공,5
서어서문학과,5
토목공학과,5
창의기술 매니지먼트전공,5
생명환경공학,5
지역환경기반공학,5
공공행정학부,5
심리학과,5
간호학과,5
상경대학계열,5
산업경영공학,5
컴퓨터정보공학,5
신재생전기계열,5
국제통상전공,5
기계과,5
환경보건학과,5
저널리즘학과,5
기술경영,5
기계시스템디자인공학과,5
기계시스템공학부,5
정치외교학과,5
행정,5
금속신소재공학과,5
경영관리전공,5
글로벌금융전공,5

Combination: ('지원 직종',)
지원 직종,count
품질관리자,504
사무담당자,488
영업지원,417
경영·비즈니스기획,393
제품영업,373
앱개발자,279
전기·전자엔지니어,245
금융영업,205
기계엔지니어,181
자재관리자,177
온라인마케터,167
반도체엔지니어,165
화학엔지니어,151
시스템엔지니어,148
재무담당자,140
인사담당자,137
해외영업,136
웹개발자,121
생산직종사자,120
회계담당자,104
네트워크엔지니어,80
구매관리자,65
전기기사,64
현장관리자,63
건축기사,60
MD,57
설계엔지니어,56
기술·전문강사,55
IT·기술영업,49
시설관리자,48
사무보조,40
R&D·연구원,35
머신러닝엔지니어,32
바이오·제약연구원,31
매장관리자,30
인바운드상담원,28
백엔드개발자,26
설치·수리기사,25
통신엔지니어,25
소프트웨어개발자,25
QA,23
웹기획,21
경영지원,20
설문·리서치,18
무역사무원,17
호텔종사자,17
법인영업,16
홍보,16
설비엔지니어,15
심사,15
환경기사,13
영업관리,12
마케팅기획,12
생산·공정관리자,11
토목기사,10
그래픽디자이너,10
간호사,9
컨설턴트,9
물류관리자,8
요리사,7
기자,7
의사,6
분양매니저,6
제품디자이너,6
웹퍼블리셔,6
포토그래퍼,5
세무담당자,5
비서,5

Combination: ('년도 및 분기', '회사명')
년도 및 분기,회사명,count
2015년 하반기,삼성전자㈜,32
2016년 상반기,GS리테일,27
2016년 상반기,삼성전자㈜,25
2016년 하반기,GS리테일,21
2016년 하반기,삼성전자㈜,21
2015년 하반기,GS리테일,20
2018년 상반기,삼성전자㈜,20
2015년 하반기,엘지전자㈜,16
2015년 하반기,씨제이올리브네트웍스㈜,14
2018년 하반기,삼성전자㈜,14
2017년 상반기,GS리테일,13
2015년 하반기,현대모비스㈜,12
2015년 하반기,SK C&C,12
2015년 하반기,엔에이치엔(주),12
2015년 하반기,롯데IT테크(주),12
2015년 하반기,대한항공,12
2019년 하반기,NH농협은행,11
2016년 상반기,SK텔레콤,11
2015년 하반기,㈜KT,11
2016년 상반기,국민건강보험공단,10
2019년 하반기,삼성전자㈜,10
2017년 하반기,삼성전자㈜,10
2017년 하반기,SK하이닉스(주),10
2019년 상반기,삼성전자㈜,10
2015년 하반기,CJ제일제당(주),10
2017년 하반기,한국전력공사,9
2016년 하반기,㈜효성,9
2016년 하반기,엘지전자㈜,9
2017년 하반기,GS리테일,9
2019년 상반기,한국철도공사,9
2016년 하반기,한국가스공사,9
2016년 상반기,현대자동차㈜,9
2016년 상반기,한국지역난방공사,9
2015년 하반기,SK하이닉스(주),9
2015년 하반기,두산에너빌리티(주),9
2015년 하반기,현대오토에버㈜,9
2015년 하반기,(주)한진,9
2015년 상반기,GS리테일,9
2016년 상반기,㈜KT,9
2015년 하반기,㈜효성,9
2016년 상반기,엘지디스플레이,8
2017년 상반기,SK하이닉스(주),8
2015년 상반기,현대자동차㈜,8
2015년 하반기,현대위아(주),8
2015년 상반기,에이치디한국조선해양㈜,8
2016년 상반기,엘지전자㈜,8
2018년 하반기,한국전력공사,8
2018년 상반기,SK하이닉스(주),8
2016년 하반기,㈜KT,8
2017년 상반기,삼성전자㈜,8
2018년 하반기,(주)LG화학,7
2017년 하반기,포스코홀딩스,7
2015년 하반기,한화S&C㈜,7
2018년 하반기,SK하이닉스(주),7
2016년 하반기,국민건강보험공단,7
2015년 상반기,한샘,7
2015년 상반기,(주)LG생활건강,7
2018년 상반기,엘지전자㈜,7
2016년 상반기,삼성화재해상보험,7
2015년 하반기,넷마블(주),7
2015년 하반기,현대자동차㈜,7
2022년 상반기,삼성전자㈜,7
2015년 하반기,NH농협은행,7
2019년 상반기,한국수자원공사,7
2018년 상반기,한국전력공사,7
2015년 상반기,현대제철주식회사,7
2016년 하반기,엔에이치엔(주),7
2017년 하반기,한국철도공사,7
2020년 하반기,삼성전자㈜,7
2021년 상반기,CJ제일제당(주),7
2017년 하반기,한국동서발전(주),7
2016년 하반기,현대글로비스(주),7
2018년 하반기,GS리테일,6
2017년 상반기,한국토지주택공사,6
2016년 상반기,인천국제공항공사,6
2016년 하반기,현대모비스㈜,6
2015년 상반기,CJ제일제당(주),6
2017년 하반기,㈜KT,6
2016년 하반기,쿠팡(주),6
2018년 상반기,한국수자원공사,6
2018년 상반기,(주)LG화학,6
2017년 상반기,㈜KT,6
2015년 하반기,CJ대한통운(주),6
2015년 하반기,비씨카드(주),6
2018년 하반기,㈜KT,6
2015년 하반기,에프알엘코리아,6
2016년 상반기,CJ제일제당(주),6
2015년 하반기,(주)아모레퍼시픽,6
2015년 하반기,에이치디한국조선해양㈜,6
2017년 상반기,한국동서발전(주),6
2015년 상반기,SK하이닉스(주),6
2017년 하반기,한국서부발전(주),6
2016년 하반기,엘지디스플레이,6
2016년 하반기,기아㈜,6
2015년 상반기,엘지전자㈜,6
2015년 상반기,㈜CJ ENM,6
2016년 상반기,한국서부발전(주),6
2016년 상반기,현대모비스㈜,6
2019년 상반기,CJ제일제당(주),6
2018년 상반기,CJ제일제당(주),5
2016년 상반기,한국전력공사,5
2016년 상반기,새마을금고중앙회,5
2015년 상반기,롯데IT테크(주),5
2019년 하반기,포스코홀딩스,5
2015년 하반기,㈜국민은행,5
2017년 하반기,(주)LG화학,5
2016년 상반기,현대오토에버㈜,5
2017년 하반기,한국중부발전(주),5
2017년 하반기,NH농협은행,5
2017년 하반기,㈜효성,5
2015년 상반기,한국전력공사,5
2019년 하반기,㈜우리은행,5
2017년 하반기,㈜BGF리테일,5
2016년 하반기,(주)대웅제약,5
2016년 상반기,한화시스템(주),5
2019년 상반기,NH농협은행,5
2018년 상반기,CJ대한통운(주),5
2019년 상반기,GS리테일,5
2016년 상반기,한국가스안전공사,5
2018년 상반기,한국가스공사,5
2016년 상반기,대한항공,5
2016년 하반기,한국전력공사,5
2016년 하반기,근로복지공단,5
2015년 하반기,현대엔지니어링(주),5
2015년 하반기,해태제과식품(주),5
2016년 하반기,대림산업㈜,5
2016년 하반기,대한항공,5
2016년 하반기,롯데슈퍼,5
2020년 상반기,삼성전자㈜,5
2021년 상반기,삼성전자㈜,5
2016년 하반기,삼성화재해상보험,5
2015년 하반기,삼성중공업(주),5
2016년 하반기,세메스(주),5
2016년 상반기,국립공원공단,5
2016년 하반기,씨제이올리브네트웍스㈜,5
2016년 하반기,에프알엘코리아,5
2016년 하반기,예금보험공사,5
2019년 하반기,샘표식품㈜,5
2016년 하반기,한샘,5
2015년 하반기,한샘,5
2016년 하반기,코스맥스비티아이(주),5
2015년 상반기,쿠팡(주),5
2016년 하반기,CJ제일제당(주),5
2016년 상반기,㈜마이다스아이티,5
2015년 하반기,SK텔레콤,5
2015년 하반기,한국타이어앤테크놀로지(주),5
2015년 상반기,현대모비스㈜,5
2016년 하반기,SK텔레콤,5
2016년 하반기,SK하이닉스(주),5
2022년 하반기,삼성전자㈜,5
2018년 상반기,한국중부발전(주),5
2016년 하반기,㈜국민은행,5
2016년 하반기,현대트랜시스,5
2018년 하반기,한국가스공사,5
2015년 하반기,현대제철주식회사,5
2017년 상반기,한국철도공사,5
2016년 하반기,현대카드,5

Combination: ('년도 및 분기', '학력')
년도 및 분기,학력,count
2015년 하반기,서울4년,336
2016년 하반기,서울4년,321
2016년 상반기,서울4년,255
2015년 하반기,지방4년,224
2017년 하반기,서울4년,187
2016년 상반기,지방4년,184
2015년 상반기,서울4년,179
2015년 하반기,수도권4년,166
2017년 상반기,서울4년,158
2016년 하반기,지방4년,146
2019년 하반기,서울4년,133
2016년 하반기,수도권4년,130
2018년 하반기,서울4년,129
2019년 상반기,서울4년,110
2018년 상반기,서울4년,100
2017년 상반기,지방4년,95
2023년 상반기,서울4년,86
2016년 상반기,수도권4년,84
2017년 하반기,지방4년,81
2020년 하반기,서울4년,81
2021년 하반기,서울4년,80
2021년 상반기,서울4년,76
2015년 상반기,지방4년,76
2022년 상반기,서울4년,76
2018년 하반기,수도권4년,76
2016년 상반기,고졸,75
2017년 하반기,수도권4년,74
2022년 하반기,서울4년,74
2022년 하반기,수도권4년,70
2015년 상반기,수도권4년,68
2018년 상반기,지방4년,67
2018년 상반기,수도권4년,66
2020년 상반기,지방4년,60
2016년 하반기,대졸4년,58
2019년 상반기,지방4년,55
2017년 상반기,대학원,54
2022년 상반기,지방4년,52
2017년 하반기,대학원,50
2016년 상반기,대졸4년,48
2019년 하반기,수도권4년,47
2018년 하반기,지방4년,46
2020년 상반기,서울4년,45
2019년 하반기,지방4년,43
2021년 하반기,대학원,41
2022년 상반기,대학원,40
2017년 상반기,수도권4년,38
2018년 상반기,대학원,37
2019년 상반기,수도권4년,36
2021년 하반기,수도권4년,35
2020년 상반기,수도권4년,34
2021년 하반기,지방4년,33
2022년 상반기,수도권4년,31
2021년 상반기,수도권4년,31
2021년 상반기,대학원,30
2023년 상반기,수도권4년,30
2018년 하반기,대학원,30
2021년 상반기,지방4년,29
2023년 상반기,지방4년,29
2020년 상반기,대학원,27
2022년 하반기,지방4년,25
2022년 하반기,대학원,24
2019년 하반기,대학원,24
2016년 하반기,고졸,24
2019년 상반기,대학원,24
2017년 하반기,고졸,23
2018년 하반기,고졸,22
2018년 하반기,대졸4년,22
2020년 하반기,대학원,21
2014년 하반기,서울4년,20
2022년 상반기,대졸4년,20
2021년 하반기,고졸,18
2014년 하반기,수도권4년,18
2016년 하반기,대학원,18
2015년 하반기,대졸4년,18
2023년 하반기,서울4년,18
2016년 상반기,초대졸,17
2014년 하반기,지방4년,16
2020년 하반기,지방4년,16
2016년 하반기,초대졸,15
2018년 상반기,고졸,13
2019년 하반기,고졸,13
2015년 하반기,해외대학,13
2023년 상반기,대학원,13
2016년 상반기,해외대학,12
2018년 상반기,초대졸,12
2020년 하반기,고졸,12
2017년 상반기,초대졸,12
2016년 하반기,해외대학,11
2020년 하반기,수도권4년,11
2018년 상반기,해외대학,10
2023년 하반기,수도권4년,10
2023년 상반기,대졸4년,9
2017년 하반기,대졸4년,9
2017년 상반기,고졸,9
2017년 하반기,초대졸,9
2014년 상반기,지방4년,9
2019년 상반기,고졸,9
2015년 하반기,초대졸,8
2014년 상반기,수도권4년,7
2017년 상반기,대졸4년,7
2021년 하반기,대졸4년,7
2015년 상반기,해외대학,7
2022년 하반기,고졸,7
2023년 하반기,대학원,7
2013년 하반기,서울4년,7
2023년 하반기,지방4년,6
2015년 상반기,고졸,6
2017년 하반기,해외대학,6
2020년 상반기,고졸,6
2019년 상반기,초대졸,6
2014년 상반기,서울4년,5
2013년 하반기,지방4년,5
2015년 하반기,대학원,5
2015년 하반기,고졸,5
2018년 하반기,해외대학,5

Combination: ('년도 및 분기', '과')
년도 및 분기,과,count
2016년 상반기,0,75
2015년 하반기,컴퓨터공학,56
2018년 상반기,경영학과,46
2015년 하반기,컴퓨터공학과,38
2015년 하반기,컴퓨터공학부,35
2015년 하반기,기계공학과,35
2015년 상반기,경영학과,33
2016년 하반기,경영학과,32
2017년 하반기,전자공학,32
2020년 상반기,행정학과,29
2015년 하반기,경제학과,29
2023년 상반기,경영학과,29
2015년 하반기,컴퓨터학부,27
2020년 하반기,경영학부,26
2016년 하반기,0,24
2023년 상반기,공공인재학부,23
2017년 하반기,0,23
2017년 하반기,경영학,23
2016년 상반기,컴퓨터공학부,23
2018년 하반기,0,22
2015년 상반기,기계공학과,22
2016년 상반기,경영학과,22
2022년 하반기,경제학과,22
2017년 하반기,경영학과,21
2016년 상반기,경제학과,21
2016년 하반기,국제통상학과,20
2019년 하반기,영어영문학,20
2016년 하반기,경영,20
2019년 하반기,전기전자,20
2016년 하반기,기계설계공학과,19
2017년 상반기,경영학과,19
2017년 하반기,국어국문,19
2021년 하반기,기계공학과,19
2016년 상반기,컴퓨터학부,18
2021년 하반기,0,18
2015년 하반기,경영학과,18
2017년 상반기,회계세무학과,18
2018년 하반기,법,18
2016년 상반기,경영학부,18
2017년 상반기,법,18
2018년 하반기,행정학과,18
2017년 상반기,경제,17
2022년 상반기,사회계열,17
2016년 하반기,소프트웨어공학과,16
2017년 하반기,국제물류학과,16
2015년 상반기,컴퓨터공학과,16
2015년 하반기,화학공학,15
2016년 하반기,정보통신전자공,15
2021년 상반기,경영학과,15
2016년 하반기,컴퓨터공학과,14
2019년 하반기,독어독문학과,14
2016년 하반기,경제학과,14
2019년 상반기,경영학부,14
2015년 하반기,기계공학부,14
2022년 하반기,경영학과,14
2022년 상반기,중국어교육전공,14
2015년 하반기,경제금융,14
2016년 하반기,전자공학과,14
2019년 하반기,0,13
2015년 하반기,전자공학과,13
2018년 상반기,0,13
2021년 하반기,경영학과,13
2016년 상반기,기계공학,13
2018년 상반기,컴퓨터공학과,13
2016년 상반기,중국언어문화학,13
2016년 상반기,전자공학과,13
2018년 하반기,정보통신공학과,13
2022년 상반기,국제의료경영학과,13
2017년 하반기,산업시스템공학과,13
2023년 상반기,경영대학 경영학과,12
2017년 상반기,전자컴퓨터통신공,12
2018년 하반기,무역학과,12
2016년 상반기,컴퓨터공학,12
2020년 하반기,0,12
2022년 하반기,기계공학과,12
2015년 하반기,화학공학과,12
2016년 상반기,법학,12
2016년 상반기,화학공학,12
2016년 하반기,영어교육학과,12
2019년 하반기,경제학과,12
2021년 하반기,중국어교육전공,12
2018년 하반기,산업경영공학과,11
2015년 하반기,경영,11
2019년 상반기,전기전자,11
2015년 상반기,전자공학과,11
2019년 상반기,신소재화학과,11
2019년 하반기,경영학부,11
2016년 상반기,컴퓨터공학과,11
2019년 하반기,응용화학생명공학과,11
2015년 하반기,전자전기컴퓨터,11
2017년 상반기,컴퓨터공학,11
2016년 하반기,식품자원경제학,11
2017년 상반기,산업공학,11
2017년 하반기,휴먼ICT융합학과,11
2017년 상반기,기계설계공학과,11
2017년 상반기,경제학과,11
2016년 하반기,환경공학과/화학공학(복수전공),11
2017년 하반기,환경공학과,11
2016년 하반기,응용통계학과,11
2016년 하반기,컴퓨터학부,11
2020년 상반기,경영학과 마케팅경영전공,11
2022년 하반기,전자공학과,10
2018년 하반기,기계공학과,10
2016년 상반기,경영,10
2022년 상반기,경영학과,10
2016년 상반기,환경공학과,10
2018년 상반기,법학과,10
2020년 상반기,경영학부,10
2015년 하반기,고분자공학과,10
2017년 상반기,도시공,10
2019년 상반기,경영학과,10
2016년 상반기,식품생명공학과,10
2017년 상반기,전자공학,10
2018년 하반기,관광경영,10
2016년 상반기,기계공학과,10
2018년 상반기,행정학과,10
2018년 상반기,기계공학과,10
2015년 하반기,국제통상학과,10
2017년 하반기,회계세무학과,10
2015년 하반기,화학공학부,9
2016년 하반기,컴퓨터공학부,9
2016년 상반기,금융경제,9
2018년 상반기,화학공학,9
2016년 하반기,도시계획부동산,9
2016년 하반기,산업경제학과,9
2016년 상반기,경제통상학부,9
2015년 하반기,경제학부,9
2015년 하반기,기계공/ 바이오융합기술,9
2022년 상반기,산업공학과,9
2017년 상반기,0,9
2023년 상반기,경제학과,9
2016년 상반기,전기생체공학부,9
2017년 하반기,경제학과,9
2017년 하반기,전기공학과,9
2019년 상반기,0,9
2021년 상반기,전기공학과,9
2022년 하반기,신소재 공학,9
2015년 상반기,법학과,9
2015년 하반기,기계공학,9
2018년 하반기,경제학과,9
2017년 하반기,화학공학,9
2016년 하반기,기계공학,9
2016년 상반기,도시계획부동산,9
2015년 상반기,행정학과,9
2022년 상반기,기계공학과,9
2021년 상반기,화학공학부,9
2015년 상반기,화학공학과,9
2022년 상반기,수학과,9
2023년 하반기,컴퓨터공학과,8
2019년 상반기,영어영문학,8
2019년 하반기,응용통계학과,8
2017년 상반기,도시계획부동산,8
2023년 상반기,영어영문학,8
2015년 하반기,신문방송학,8
2023년 상반기,컴퓨터소프트웨어공학과,8
2018년 상반기,산업경영공학과,8
2019년 상반기,경제,8
2020년 하반기,경영학과_경영전공,8
2017년 상반기,화학공학,8
2016년 상반기,영어교육학과,8
2015년 상반기,컴퓨터공학,8
2017년 상반기,한국사학과,8
2017년 하반기,노인복지보건,8
2015년 하반기,안전공학과,8
2015년 하반기,메카트로닉스공학과,8
2016년 하반기,전자공학,8
2018년 하반기,경영학,8
2016년 하반기,경영학부,8
2019년 하반기,사학과,8
2015년 상반기,신문방송학과,8
2016년 하반기,컴퓨터소프트웨어공학전공,8
2016년 하반기,도시공학과/국제물류학과,8
2018년 상반기,전기전자,8
2016년 상반기,화학공학과,8
2021년 상반기,무역학과,8
2021년 하반기,자동차IT융합학과,8
2018년 상반기,전자IT미디어공학과,8
2015년 상반기,경제학과,8
2022년 하반기,컨벤션호텔경영학과,8
2016년 상반기,중어중문학과,8
2020년 상반기,반도체&디스플레이과학경영학과,8
2020년 상반기,경제학과,7
2015년 하반기,미디어학부,7
2016년 상반기,Business Administration,7
2015년 하반기,글로벌경영,7
2019년 하반기,회계학과,7
2020년 상반기,경영학과,7
2021년 상반기,중국어교육전공,7
2019년 하반기,컴퓨터공학부 컴퓨터공학전공,7
2015년 하반기,화공생명공학과,7
2019년 상반기,화학공학/고분자공학부,7
2015년 하반기,신소재공학과,7
2015년 하반기,식품생명공학과,7
2018년 상반기,상경학부,7
2018년 상반기,회계세무학과,7
2016년 하반기,행정학,7
2017년 하반기,컴퓨터공학과,7
2022년 상반기,경제학과,7
2016년 하반기,글로벌경영학과,7
2018년 하반기,경영학과,7
2016년 하반기,기계공학과,7
2018년 하반기,e-비즈니스과,7
2017년 하반기,전기전자,7
2018년 하반기,전기전자,7
2017년 하반기,전자공학부,7
2022년 상반기,컴퓨터공학과,7
2016년 하반기,정보시스템,7
2022년 하반기,0,7
2018년 상반기,경제학과,7
2022년 하반기,공공인재학부,7
2022년 하반기,기계과 기계시스템전공,7
2021년 하반기,컴퓨터공학과,7
2022년 하반기,생명과학부,7
2016년 상반기,체육학과/경영학과,7
2016년 상반기,중국문화/경영,7
2019년 상반기,전자공학,7
2016년 상반기,"무역학과,경영학과(복수전공)",7
2018년 하반기,화학공학,7
2016년 상반기,산업경제학과,7
2016년 하반기,화학공학,7
2016년 하반기,행정학부,6
2017년 상반기,발명특허,6
2017년 상반기,전기공학과,6
2017년 상반기,전기공학,6
2020년 상반기,0,6
2017년 상반기,생물공학,6
2017년 하반기,전자컴퓨터통신공,6
2017년 상반기,산업경영공학과,6
2020년 하반기,경영학과,6
2017년 하반기,전기생체공학부,6
2017년 상반기,노인복지보건,6
2020년 하반기,경영계열,6
2016년 하반기,컴퓨터정보공학부,6
2017년 하반기,신소재공학부 금속신소재공학전공,6
2017년 상반기,경영학부,6
2017년 하반기,사이버보안학과,6
2020년 상반기,국제의료경영학과,6
2017년 상반기,경영학,6
2016년 하반기,한국사학과,6
2016년 상반기,기계공학부,6
2016년 하반기,전자재료공학과,6
2015년 하반기,파이낸스경영학과,6
2019년 상반기,컴퓨터공학과,6
2016년 상반기,노인복지보건학과,6
2016년 상반기,법학과,6
2019년 상반기,무역학과,6
2016년 상반기,응용통계,6
2016년 상반기,전자공학부,6
2018년 하반기,회계세무학과,6
2019년 하반기,기계공학과,6
2016년 상반기,정보통신공학,6
2018년 하반기,전자공학과,6
2018년 하반기,전자공학,6
2018년 하반기,유기나노시스템공학과,6
2016년 하반기,건축학과,6
2020년 하반기,반도체&디스플레이과학경영학과,6
2016년 하반기,경제,6
2018년 하반기,글로벌경영학과,6
2015년 하반기,환경공학과,6
2018년 하반기,경제,6
2016년 하반기,법학,6
2016년 하반기,불어불문,6
2016년 상반기,기계설계공학과,6
2016년 하반기,석유공학,6
2018년 상반기,노인복지보건,6
2017년 하반기,신소재 공학,6
2017년 상반기,중어중문,6
2015년 하반기,경영정보학과,6
2015년 하반기,법학과,6
2023년 상반기,기계공학,6
2015년 하반기,경영학부,6
2021년 상반기,경영학부,6
2020년 하반기,한문학과,6
2021년 하반기,식품영양학과,6
2015년 상반기,컴퓨터학부,6
2015년 상반기,기계공학,6
2021년 상반기,화학과,6
2015년 하반기,광고홍보학과,6
2022년 하반기,경영학부,6
2023년 상반기,중국어과,6
2015년 상반기,컴퓨터공학부,6
2015년 상반기,전자전기공학부,6
2015년 하반기,무역학,6
2015년 상반기,0,6
2021년 하반기,영어영문학과,6
2022년 상반기,행정학과,5
2016년 하반기,산업경영공학과,5
2022년 상반기,전자공학과,5
2018년 상반기,응용통계학과,5
2018년 하반기,조선해양공학과,5
2015년 하반기,컴공,5
2015년 상반기,전기생체공학부,5
2015년 하반기,컴퓨터소프트웨어,5
2018년 하반기,컴퓨터공학과,5
2018년 상반기,국제경영학,5
2016년 하반기,영어통번역학과,5
2018년 상반기,경영계열,5
2020년 상반기,고분자공학과,5
2021년 하반기,산업환경보건학과,5
2015년 상반기,경영,5
2016년 상반기,통계학,5
2015년 하반기,0,5
2016년 하반기,법학과,5
2018년 상반기,전자공학,5
2016년 상반기,IT응용공학과,5
2020년 하반기,융합기계공학전공,5
2016년 하반기,건축공학부,5
2016년 하반기,경영정보,5
2016년 하반기,경영학,5
2021년 하반기,전자공학전공,5
2021년 상반기,식품생명공학과,5
2021년 상반기,시각디자인학과,5
2016년 하반기,국제통상학부,5
2015년 하반기,국제통상,5
2018년 하반기,식품공학과(공학),5
2022년 상반기,산업환경보건학과,5
2015년 상반기,언론홍보학과,5
2022년 상반기,언론홍보학과,5
2019년 하반기,전자공학과,5
2019년 하반기,전자전기공학부,5
2016년 상반기,경영학,5
2018년 상반기,제어계측공학과,5
2021년 상반기,전자공학과,5
2018년 상반기,전자공학부,5
2019년 하반기,행정학과,5
2018년 하반기,환경보건학과,5
2017년 하반기,화공생명공학,5
2021년 하반기,화공생명공학과,5
2016년 상반기,상경계열,5
2019년 상반기,전자공학과,5
2021년 하반기,국제의료경영학과,5
2016년 상반기,국제통상학과,5
2021년 상반기,컴퓨터공학과,5
2021년 하반기,경영학부,5
2023년 상반기,전파정보통신공학과,5
2019년 상반기,역사콘텐츠학과,5
2017년 하반기,금융학과,5
2020년 상반기,화학공학부,5
2014년 상반기,정보통신전자공학/모바일유비쿼터스융복합,5
2023년 상반기,경영학부,5
2023년 상반기,기계공학과,5
2017년 하반기,경제통상학부,5
2017년 상반기,무역학과,5
2017년 하반기,경영학부,5
2016년 하반기,통계학,5
2016년 하반기,통계,5
2017년 상반기,화학공,5
2015년 하반기,전기생체공학부,5
2015년 하반기,정보통신공학과,5
2019년 하반기,사회학과,5
2016년 하반기,정보통신공학,5
2017년 상반기,정보통신전자공학부,5
2016년 상반기,전자공학,5
2017년 상반기,전자공학부,5
2015년 하반기,경제,5
2017년 상반기,컴퓨터학부,5
2022년 하반기,유기나노시스템공학과,5
2017년 하반기,응용통계학과,5
2016년 하반기,컴퓨터공학,5
2019년 하반기,경영학과,5
2023년 상반기,기계과 기계시스템전공,5

Combination: ('년도 및 분기', '지원 직종')
년도 및 분기,지원 직종,count
2015년 하반기,앱개발자,96
2015년 하반기,품질관리자,80
2015년 하반기,영업지원,78
2016년 상반기,사무담당자,66
2016년 상반기,영업지원,63
2016년 하반기,영업지원,59
2018년 상반기,사무담당자,56
2016년 하반기,제품영업,55
2016년 하반기,품질관리자,53
2016년 상반기,제품영업,52
2017년 하반기,전기·전자엔지니어,52
2016년 하반기,사무담당자,51
2016년 하반기,경영·비즈니스기획,50
2017년 하반기,품질관리자,48
2017년 상반기,사무담당자,45
2016년 하반기,앱개발자,43
2018년 하반기,품질관리자,42
2016년 상반기,품질관리자,41
2015년 하반기,시스템엔지니어,41
2016년 상반기,경영·비즈니스기획,40
2015년 하반기,기계엔지니어,39
2020년 상반기,사무담당자,39
2016년 하반기,자재관리자,39
2016년 하반기,웹개발자,37
2017년 상반기,품질관리자,35
2017년 하반기,사무담당자,35
2018년 상반기,반도체엔지니어,34
2017년 하반기,영업지원,34
2015년 상반기,제품영업,33
2015년 하반기,자재관리자,33
2016년 상반기,자재관리자,30
2015년 하반기,경영·비즈니스기획,30
2017년 상반기,경영·비즈니스기획,30
2017년 상반기,제품영업,30
2022년 상반기,품질관리자,29
2017년 하반기,경영·비즈니스기획,29
2018년 하반기,제품영업,29
2015년 상반기,품질관리자,28
2018년 하반기,사무담당자,28
2016년 상반기,온라인마케터,28
2015년 하반기,금융영업,27
2019년 상반기,사무담당자,27
2016년 하반기,금융영업,26
2018년 하반기,영업지원,25
2015년 하반기,기술·전문강사,25
2018년 상반기,품질관리자,25
2018년 상반기,전기·전자엔지니어,25
2015년 하반기,웹개발자,25
2016년 하반기,현장관리자,24
2016년 상반기,앱개발자,24
2016년 상반기,금융영업,24
2015년 상반기,앱개발자,24
2016년 상반기,화학엔지니어,24
2018년 상반기,제품영업,24
2019년 상반기,제품영업,24
2017년 상반기,영업지원,24
2015년 상반기,사무담당자,23
2018년 상반기,경영·비즈니스기획,23
2015년 하반기,제품영업,23
2016년 상반기,시스템엔지니어,23
2019년 하반기,사무담당자,23
2017년 상반기,앱개발자,23
2019년 하반기,전기기사,23
2016년 상반기,전기·전자엔지니어,22
2015년 하반기,화학엔지니어,22
2015년 하반기,전기·전자엔지니어,22
2020년 상반기,경영·비즈니스기획,22
2019년 하반기,금융영업,22
2017년 하반기,앱개발자,22
2015년 하반기,해외영업,22
2015년 하반기,사무담당자,22
2016년 하반기,온라인마케터,22
2016년 하반기,시스템엔지니어,22
2021년 상반기,품질관리자,22
2017년 하반기,제품영업,22
2015년 상반기,기계엔지니어,22
2016년 하반기,해외영업,21
2016년 상반기,인사담당자,21
2022년 하반기,경영·비즈니스기획,21
2015년 하반기,생산직종사자,20
2017년 하반기,금융영업,20
2015년 하반기,온라인마케터,20
2021년 하반기,기계엔지니어,20
2021년 하반기,품질관리자,20
2016년 상반기,기계엔지니어,20
2017년 상반기,전기·전자엔지니어,20
2018년 하반기,전기·전자엔지니어,20
2015년 상반기,영업지원,19
2015년 상반기,경영·비즈니스기획,19
2022년 상반기,경영·비즈니스기획,19
2016년 상반기,회계담당자,19
2019년 상반기,경영·비즈니스기획,19
2015년 상반기,온라인마케터,18
2016년 상반기,생산직종사자,18
2019년 하반기,제품영업,18
2019년 하반기,영업지원,18
2016년 하반기,화학엔지니어,17
2018년 하반기,경영·비즈니스기획,17
2016년 하반기,반도체엔지니어,17
2016년 하반기,전기·전자엔지니어,17
2019년 상반기,품질관리자,17
2017년 하반기,반도체엔지니어,17
2017년 하반기,자재관리자,17
2015년 하반기,설계엔지니어,16
2015년 상반기,금융영업,16
2020년 하반기,사무담당자,16
2020년 하반기,경영·비즈니스기획,16
2021년 상반기,제품영업,16
2016년 상반기,네트워크엔지니어,16
2022년 하반기,품질관리자,16
2015년 하반기,네트워크엔지니어,16
2022년 하반기,회계담당자,16
2019년 하반기,인사담당자,16
2019년 하반기,품질관리자,16
2016년 하반기,인사담당자,16
2016년 하반기,기계엔지니어,15
2018년 상반기,영업지원,15
2021년 상반기,경영·비즈니스기획,15
2016년 상반기,해외영업,15
2022년 상반기,사무담당자,15
2019년 상반기,전기·전자엔지니어,15
2020년 하반기,재무담당자,14
2023년 상반기,경영·비즈니스기획,14
2018년 하반기,해외영업,14
2017년 하반기,온라인마케터,14
2021년 상반기,재무담당자,14
2019년 하반기,경영·비즈니스기획,14
2021년 하반기,사무담당자,14
2016년 하반기,네트워크엔지니어,13
2016년 상반기,반도체엔지니어,13
2017년 상반기,반도체엔지니어,13
2017년 상반기,기계엔지니어,13
2022년 상반기,영업지원,13
2015년 상반기,재무담당자,13
2019년 상반기,영업지원,13
2015년 상반기,화학엔지니어,13
2015년 상반기,시스템엔지니어,12
2022년 상반기,인사담당자,12
2017년 하반기,시스템엔지니어,12
2016년 하반기,회계담당자,12
2018년 하반기,자재관리자,12
2021년 하반기,전기기사,12
2019년 상반기,금융영업,12
2020년 하반기,금융영업,11
2017년 상반기,회계담당자,11
2017년 상반기,화학엔지니어,11
2021년 하반기,영업지원,11
2018년 하반기,기계엔지니어,11
2018년 하반기,반도체엔지니어,11
2021년 하반기,재무담당자,11
2017년 상반기,자재관리자,11
2016년 상반기,시설관리자,11
2018년 하반기,금융영업,11
2023년 상반기,재무담당자,11
2022년 상반기,재무담당자,11
2015년 하반기,반도체엔지니어,11
2016년 상반기,IT·기술영업,11
2020년 상반기,영업지원,11
2020년 상반기,제품영업,10
2022년 하반기,반도체엔지니어,10
2019년 하반기,생산직종사자,10
2021년 하반기,바이오·제약연구원,10
2014년 하반기,품질관리자,10
2015년 하반기,시설관리자,10
2016년 하반기,건축기사,10
2023년 상반기,영업관리,10
2015년 상반기,구매관리자,10
2022년 하반기,생산직종사자,10
2022년 하반기,사무담당자,10
2017년 상반기,기술·전문강사,9
2019년 하반기,온라인마케터,9
2019년 상반기,화학엔지니어,9
2016년 하반기,MD,9
2018년 상반기,기계엔지니어,9
2017년 하반기,건축기사,9
2017년 하반기,화학엔지니어,9
2016년 상반기,기술·전문강사,9
2021년 하반기,웹개발자,9
2021년 상반기,화학엔지니어,9
2023년 상반기,인사담당자,9
2021년 상반기,전기·전자엔지니어,9
2016년 상반기,재무담당자,9
2017년 상반기,재무담당자,9
2017년 상반기,인사담당자,9
2023년 상반기,경영지원,9
2022년 상반기,온라인마케터,9
2015년 하반기,MD,9
2022년 상반기,제품영업,9
2018년 상반기,자재관리자,9
2016년 하반기,생산직종사자,8
2017년 하반기,해외영업,8
2020년 상반기,품질관리자,8
2020년 상반기,화학엔지니어,8
2021년 하반기,경영·비즈니스기획,8
2018년 하반기,바이오·제약연구원,8
2015년 하반기,구매관리자,8
2017년 하반기,네트워크엔지니어,8
2021년 하반기,반도체엔지니어,8
2023년 상반기,소프트웨어개발자,8
2023년 상반기,백엔드개발자,8
2017년 상반기,온라인마케터,8
2015년 하반기,건축기사,8
2018년 하반기,화학엔지니어,8
2018년 하반기,네트워크엔지니어,8
2016년 상반기,웹개발자,8
2018년 하반기,인사담당자,8
2021년 하반기,설계엔지니어,8
2018년 상반기,온라인마케터,8
2022년 상반기,웹개발자,8
2014년 하반기,앱개발자,8
2014년 하반기,영업지원,8
2017년 상반기,금융영업,8
2015년 상반기,MD,8
2021년 상반기,인사담당자,8
2019년 하반기,기계엔지니어,7
2016년 상반기,건축기사,7
2019년 상반기,해외영업,7
2015년 상반기,해외영업,7
2021년 하반기,인사담당자,7
2017년 하반기,생산직종사자,7
2019년 상반기,재무담당자,7
2015년 상반기,전기·전자엔지니어,7
2019년 상반기,전기기사,7
2022년 상반기,생산직종사자,7
2016년 하반기,재무담당자,7
2017년 상반기,시스템엔지니어,7
2015년 상반기,자재관리자,7
2019년 상반기,앱개발자,7
2022년 상반기,R&D·연구원,7
2022년 하반기,해외영업,7
2020년 하반기,품질관리자,7
2016년 상반기,현장관리자,7
2019년 상반기,온라인마케터,7
2021년 상반기,사무담당자,7
2015년 하반기,인바운드상담원,7
2015년 하반기,인사담당자,7
2018년 상반기,재무담당자,7
2018년 상반기,구매관리자,7
2016년 하반기,구매관리자,7
2018년 하반기,회계담당자,7
2017년 하반기,회계담당자,7
2019년 상반기,시스템엔지니어,7
2021년 상반기,회계담당자,7
2023년 상반기,설계엔지니어,7
2023년 상반기,R&D·연구원,6
2020년 하반기,전기·전자엔지니어,6
2020년 하반기,토목기사,6
2018년 하반기,전기기사,6
2020년 하반기,반도체엔지니어,6
2020년 상반기,전기·전자엔지니어,6
2021년 하반기,생산직종사자,6
2022년 상반기,해외영업,6
2021년 하반기,전기·전자엔지니어,6
2019년 하반기,반도체엔지니어,6
2022년 하반기,전기·전자엔지니어,6
2018년 하반기,호텔종사자,6
2017년 하반기,MD,6
2019년 하반기,회계담당자,6
2022년 하반기,R&D·연구원,6
2019년 상반기,환경기사,6
2019년 하반기,화학엔지니어,6
2017년 하반기,재무담당자,6
2019년 하반기,해외영업,6
2022년 하반기,생산·공정관리자,6
2017년 하반기,웹개발자,6
2022년 하반기,설계엔지니어,6
2021년 하반기,온라인마케터,6
2016년 하반기,매장관리자,6
2016년 하반기,사무보조,6
2016년 하반기,웹기획,6
2016년 하반기,기술·전문강사,6
2023년 상반기,제품영업,6
2015년 상반기,건축기사,6
2015년 상반기,인사담당자,6
2017년 상반기,생산직종사자,6
2015년 상반기,생산직종사자,6
2015년 상반기,반도체엔지니어,6
2016년 하반기,IT·기술영업,6
2020년 상반기,기계엔지니어,5
2021년 상반기,전기기사,5
2023년 상반기,물류관리자,5
2022년 하반기,설비엔지니어,5
2016년 상반기,매장관리자,5
2016년 하반기,설문·리서치,5
2019년 상반기,반도체엔지니어,5
2018년 상반기,화학엔지니어,5
2017년 하반기,인사담당자,5
2016년 상반기,사무보조,5
2021년 상반기,해외영업,5
2016년 하반기,시설관리자,5
2015년 하반기,매장관리자,5
2016년 상반기,구매관리자,5
2022년 상반기,설치·수리기사,5
2021년 상반기,영업지원,5
2021년 상반기,R&D·연구원,5
2019년 상반기,인사담당자,5
2015년 상반기,웹개발자,5
2022년 하반기,영업지원,5
2018년 상반기,머신러닝엔지니어,5
2020년 상반기,머신러닝엔지니어,5
2023년 상반기,인바운드상담원,5
2020년 상반기,사무보조,5
2016년 상반기,통신엔지니어,5
2022년 하반기,재무담당자,5
2018년 상반기,시스템엔지니어,5
2019년 상반기,네트워크엔지니어,5
2018년 상반기,앱개발자,5
2020년 하반기,웹개발자,5
2022년 하반기,백엔드개발자,5
2015년 하반기,현장관리자,5
2017년 하반기,IT·기술영업,5
2017년 상반기,건축기사,5
2021년 하반기,백엔드개발자,5
2021년 하반기,제품영업,5
2017년 하반기,구매관리자,5
2018년 하반기,온라인마케터,5
2017년 하반기,기계엔지니어,5
2023년 상반기,현장관리자,5
2019년 하반기,시스템엔지니어,5
2015년 하반기,재무담당자,5
2022년 상반기,자재관리자,5
2017년 상반기,사무보조,5
2023년 상반기,기계엔지니어,5
2019년 상반기,MD,5
2022년 상반기,백엔드개발자,5
2021년 하반기,R&D·연구원,5

Combination: ('회사명', '학력')
회사명,학력,count
삼성전자㈜,서울4년,69
GS리테일,서울4년,54
엘지전자㈜,서울4년,44
삼성전자㈜,수도권4년,42
삼성전자㈜,지방4년,39
GS리테일,수도권4년,31
GS리테일,지방4년,31
CJ제일제당(주),서울4년,29
현대자동차㈜,서울4년,29
현대모비스㈜,서울4년,28
㈜KT,서울4년,27
SK하이닉스(주),서울4년,22
씨제이올리브네트웍스㈜,서울4년,21
한국전력공사,서울4년,20
대한항공,서울4년,19
SK하이닉스(주),수도권4년,19
삼성전자㈜,대학원,19
SK하이닉스(주),지방4년,18
㈜BGF리테일,서울4년,18
현대오토에버㈜,서울4년,18
㈜KT,지방4년,17
NH농협은행,지방4년,17
한국전력공사,지방4년,17
삼성전자㈜,고졸,17
한샘,서울4년,17
(주)LG화학,서울4년,16
현대글로비스(주),서울4년,16
중소기업은행,서울4년,15
㈜효성,서울4년,15
현대자동차㈜,지방4년,15
㈜CJ ENM,서울4년,15
현대자동차㈜,수도권4년,15
CJ대한통운(주),지방4년,15
CJ제일제당(주),지방4년,15
한국수자원공사,서울4년,15
국민건강보험공단,지방4년,14
㈜우리은행,서울4년,14
한국중부발전(주),지방4년,14
한국지역난방공사,고졸,14
현대카드,서울4년,14
SK텔레콤,서울4년,14
현대제철주식회사,서울4년,14
현대오일뱅크(주),서울4년,14
한국철도공사,서울4년,13
기아㈜,서울4년,13
신한은행,서울4년,13
롯데IT테크(주),서울4년,13
근로복지공단,지방4년,13
(주)아모레퍼시픽,서울4년,12
엘지전자㈜,수도권4년,12
한국철도공사,지방4년,12
한국토지주택공사,지방4년,12
엘지디스플레이,서울4년,12
대한항공,수도권4년,12
CJ 프레시웨이,서울4년,12
KCC,서울4년,11
한국토지주택공사,서울4년,11
SK C&C,서울4년,11
한화생명보험㈜,서울4년,11
한전KPS(주),고졸,11
한국산업인력공단,지방4년,10
현대글로비스(주),수도권4년,10
포스코홀딩스,고졸,10
(주)서브원,서울4년,10
CJ대한통운(주),서울4년,10
포스코홀딩스,지방4년,10
씨제이올리브네트웍스㈜,수도권4년,10
코리아세븐,서울4년,10
현대제철주식회사,지방4년,10
엘지디스플레이,지방4년,10
CJ제일제당(주),수도권4년,10
한국철도공사,수도권4년,10
SK하이닉스(주),대학원,10
한샘,지방4년,10
한국가스공사,서울4년,10
현대모비스㈜,지방4년,9
엘지디스플레이,수도권4년,9
엘지전자㈜,지방4년,9
한국전력공사,고졸,9
기아㈜,수도권4년,9
현대위아(주),서울4년,9
NH농협은행,서울4년,9
현대트랜시스,지방4년,9
한화S&C㈜,서울4년,9
에이치디한국조선해양㈜,지방4년,9
한국타이어앤테크놀로지(주),서울4년,9
한국동서발전(주),지방4년,9
㈜BGF리테일,수도권4년,9
한국가스공사,지방4년,9
현대트랜시스,서울4년,9
에프알엘코리아,서울4년,9
삼성화재해상보험,서울4년,9
㈜KT,수도권4년,9
(주)신세계,서울4년,8
GS칼텍스(주),서울4년,8
삼성디스플레이(주),서울4년,8
(주)삼양홀딩스,서울4년,8
쿠팡(주),서울4년,8
(주)오뚜기,서울4년,8
엔에이치엔(주),서울4년,8
한국수자원공사,지방4년,8
㈜국민은행,서울4년,8
CJ CGV(주),서울4년,8
(주)동원F&B,지방4년,8
한국중부발전(주),서울4년,8
롯데슈퍼,서울4년,8
포스코홀딩스,서울4년,8
한국가스공사,고졸,8
(주)한진,서울4년,8
인천국제공항공사,지방4년,8
국민건강보험공단,고졸,8
(주)LG화학,수도권4년,8
넷마블(주),서울4년,8
현대모비스㈜,수도권4년,7
한국철도공사,고졸,7
서울교통공사,서울4년,7
NH농협은행,수도권4년,7
E1,서울4년,7
빙그레,서울4년,7
㈜BGF리테일,지방4년,7
비씨카드(주),서울4년,7
엘지전자㈜,대학원,7
서울주택도시공사,서울4년,7
(주)이랜드리테일,서울4년,7
도로교통공단,지방4년,7
한국수력원자력(주),지방4년,7
씨제이푸드빌,서울4년,7
현대엔지니어링(주),서울4년,7
한국동서발전(주),서울4년,7
현대백화점,서울4년,7
엔에이치엔(주),수도권4년,7
한화시스템(주),서울4년,7
㈜CJ ENM,수도권4년,7
㈜KT,대학원,7
한국산업인력공단,서울4년,7
(주)퍼시스,서울4년,7
현대트랜시스,수도권4년,7
LG CNS,서울4년,7
현대위아(주),지방4년,7
삼성화재해상보험,고졸,7
롯데IT테크(주),수도권4년,7
쿠팡(주),수도권4년,7
한국지역난방공사,서울4년,6
에스피씨㈜,서울4년,6
(주)엔씨소프트,서울4년,6
한국주택금융공사,서울4년,6
현대코퍼레이션(주),서울4년,6
주식회사 경신,수도권4년,6
한국아이비엠(주),서울4년,6
한화솔루션㈜,서울4년,6
삼성중공업(주),지방4년,6
한국가스공사,대학원,6
한국동서발전(주),고졸,6
CJ E&M㈜,서울4년,6
(주)LG화학,지방4년,6
한국서부발전(주),지방4년,6
중소기업은행,수도권4년,6
㈜GS홈쇼핑,서울4년,6
(주)LG생활건강,서울4년,6
한전KPS(주),서울4년,6
㈜효성,지방4년,6
서울시설공단,고졸,6
SK텔레콤,수도권4년,6
세메스(주),서울4년,6
한국중부발전(주),고졸,6
한국전력공사,수도권4년,6
한국서부발전(주),서울4년,6
(주)한진,수도권4년,6
한국서부발전(주),고졸,6
(주)해커스어학원,서울4년,6
현대오토에버㈜,수도권4년,6
한국투자증권(주),서울4년,6
LG 이노텍,서울4년,6
네이버,서울4년,6
SK이노베이션(주),서울4년,6
한국산업기술진흥원,서울4년,6
NH농협은행,대학원,6
롯데칠성음료(주),서울4년,6
삼성생명보험㈜,서울4년,6
롯데칠성음료(주),지방4년,6
국민연금공단,지방4년,6
이랜드월드,서울4년,6
SK네트웍스(주),서울4년,6
SK브로드밴드(주),서울4년,6
한국남동발전(주),지방4년,5
근로복지공단,고졸,5
㈜IBK캐피탈,서울4년,5
(주)포스코이앤씨,서울4년,5
세메스(주),지방4년,5
DB손해보험㈜,서울4년,5
교보생명,서울4년,5
세방(주),서울4년,5
한세실업㈜,서울4년,5
대림산업㈜,서울4년,5
SK텔레콤,지방4년,5
한국타이어앤테크놀로지(주),지방4년,5
한국타이어앤테크놀로지(주),수도권4년,5
(주)케이티디에스,서울4년,5
한국남부발전(주),지방4년,5
네이버,지방4년,5
롯데쇼핑(주),서울4년,5
LF,서울4년,5
한미약품(주),대학원,5
국민건강보험공단,수도권4년,5
삼성물산(주),서울4년,5
(주)이마트에브리데이,지방4년,5
(주)LG생활건강,수도권4년,5
S-OIL,서울4년,5
고려해운(주),서울4년,5
(주)아트박스,서울4년,5
수산업협동조합중앙회,지방4년,5
(주)DB하이텍,서울4년,5
한국동서발전(주),수도권4년,5
㈜효성,수도권4년,5
LX Pantos,서울4년,5
에이치케이이노엔(주),수도권4년,5
삼성전자㈜,대졸4년,5
아시아나항공(주),서울4년,5
한국서부발전(주),수도권4년,5
새마을금고중앙회,수도권4년,5
㈜티맥스소프트,수도권4년,5
엔에이치엔(주),지방4년,5
라인플러스(주),서울4년,5
금호석유화학(주),수도권4년,5
엔테크서비스(주),지방4년,5
(주)한진,지방4년,5
현대건설(주),서울4년,5
서울보증보험(주),서울4년,5
대한항공,지방4년,5
새마을금고중앙회,서울4년,5
샘표식품㈜,대학원,5
롯데IT테크(주),지방4년,5
현대종합금속(주),서울4년,5
두산에너빌리티(주),지방4년,5
두산에너빌리티(주),서울4년,5
코리아세븐,지방4년,5
㈜엔에스쇼핑,서울4년,5
㈜우리은행,지방4년,5
한국자산관리공사,서울4년,5
오비맥주(주),서울4년,5
(주)대웅제약,지방4년,5
㈜마이다스아이티,서울4년,5
한국예탁결제원,서울4년,5
예금보험공사,고졸,5
CJ대한통운(주),수도권4년,5
㈜대우건설,서울4년,5
㈜인바디,서울4년,5

Combination: ('회사명', '과')
회사명,과,count
삼성전자㈜,0,17
한국지역난방공사,0,14
삼성전자㈜,전자공학과,13
삼성전자㈜,기계공학과,12
한전KPS(주),0,11
현대자동차㈜,기계공학과,10
포스코홀딩스,0,10
삼성전자㈜,컴퓨터공학과,10
GS리테일,경영학과,9
한국전력공사,0,9
국민건강보험공단,0,8
한국가스공사,0,8
엘지전자㈜,기계공학과,8
한국철도공사,0,7
삼성화재해상보험,0,7
SK C&C,컴퓨터공학과,7
SK하이닉스(주),전자공학과,7
현대모비스㈜,기계공학과,7
GS리테일,경영학부,7
한국동서발전(주),0,6
SK하이닉스(주),화학공학,6
한국중부발전(주),0,6
삼성전자㈜,전자공학부,6
삼성전자㈜,전자공학,6
한국서부발전(주),0,6
GS리테일,경제학과,6
롯데IT테크(주),컴퓨터학부,6
삼성전자㈜,컴퓨터공학,6
현대제철주식회사,기계공학과,6
서울시설공단,0,6
현대오토에버㈜,컴퓨터공학부,5
한국중부발전(주),전자공학,5
근로복지공단,0,5
현대모비스㈜,경영학과,5
한국전력공사,전자공학,5
한국동서발전(주),전자공학,5
SK하이닉스(주),전자공학부,5
예금보험공사,0,5
롯데IT테크(주),컴퓨터공학과,5
(주)엔씨소프트,컴퓨터공학과,5
㈜BGF리테일,경영학과,5
현대자동차㈜,경영학과,5
네이버,컴퓨터공학과,5
한미약품(주),국제의료경영학과,5
삼성전자㈜,전기생체공학부,5

Combination: ('회사명', '지원 직종')
회사명,지원 직종,count
GS리테일,영업지원,66
삼성전자㈜,반도체엔지니어,60
SK하이닉스(주),반도체엔지니어,30
SK하이닉스(주),품질관리자,25
CJ대한통운(주),자재관리자,25
NH농협은행,금융영업,25
중소기업은행,금융영업,24
한국전력공사,사무담당자,23
한국철도공사,사무담당자,22
㈜BGF리테일,영업지원,22
GS리테일,제품영업,20
현대자동차㈜,기계엔지니어,20
CJ제일제당(주),품질관리자,20
한국전력공사,전기·전자엔지니어,20
삼성전자㈜,생산직종사자,20
삼성전자㈜,품질관리자,19
국민건강보험공단,사무담당자,18
삼성전자㈜,앱개발자,17
㈜우리은행,금융영업,15
한국산업인력공단,사무담당자,15
삼성전자㈜,전기·전자엔지니어,15
GS리테일,자재관리자,15
신한은행,금융영업,15
현대글로비스(주),자재관리자,15
포스코홀딩스,품질관리자,15
(주)한진,자재관리자,14
한국중부발전(주),전기·전자엔지니어,14
㈜국민은행,금융영업,14
현대자동차㈜,품질관리자,14
롯데IT테크(주),앱개발자,14
엘지전자㈜,전기·전자엔지니어,13
한국토지주택공사,사무담당자,13
씨제이올리브네트웍스㈜,앱개발자,13
현대모비스㈜,기계엔지니어,13
엘지디스플레이,반도체엔지니어,12
CJ제일제당(주),제품영업,12
코리아세븐,영업지원,12
(주)LG화학,품질관리자,12
삼성전자㈜,시스템엔지니어,12
㈜KT,영업지원,12
근로복지공단,사무담당자,12
서울교통공사,사무담당자,11
엘지디스플레이,품질관리자,11
건강보험심사평가원,사무담당자,11
엔에이치엔(주),앱개발자,11
현대카드,경영·비즈니스기획,11
새마을금고중앙회,금융영업,11
현대모비스㈜,품질관리자,10
넷마블(주),앱개발자,10
㈜KT,네트워크엔지니어,10
한국동서발전(주),전기·전자엔지니어,10
SK C&C,앱개발자,10
CJ제일제당(주),영업지원,10
현대트랜시스,기계엔지니어,10
한국수자원공사,사무담당자,10
한샘,제품영업,10
한국타이어앤테크놀로지(주),기계엔지니어,9
삼성디스플레이(주),반도체엔지니어,9
한전KPS(주),전기·전자엔지니어,9
㈜효성,품질관리자,9
현대제철주식회사,품질관리자,9
㈜BGF리테일,제품영업,9
한국지역난방공사,전기·전자엔지니어,9
국민연금공단,사무담당자,9
삼성전자㈜,제품영업,9
한국서부발전(주),전기·전자엔지니어,9
네이버,앱개발자,8
한국산업기술진흥원,사무담당자,8
삼성화재해상보험,금융영업,8
현대위아(주),품질관리자,8
현대오토에버㈜,앱개발자,8
에프알엘코리아,영업지원,8
한국중부발전(주),사무담당자,8
현대트랜시스,품질관리자,8
한국가스공사,전기·전자엔지니어,8
쿠팡(주),웹개발자,8
SK텔레콤,온라인마케터,8
삼성바이오로직스(주),품질관리자,8
한국자산관리공사,사무담당자,7
(주)넥슨네트웍스,QA,7
기아㈜,품질관리자,7
NH농협은행,사무담당자,7
한국투자증권(주),금융영업,7
엘지전자㈜,설계엔지니어,7
삼성화재해상보험,영업지원,7
(주)LG화학,화학엔지니어,7
엔에이치엔(주),웹개발자,7
한샘,영업지원,7
한국철도공사,전기·전자엔지니어,7
동원로엑스(주),자재관리자,7
금호석유화학(주),품질관리자,7
한국가스공사,화학엔지니어,6
한국가스공사,사무담당자,6
(주)아모레퍼시픽,영업지원,6
예금보험공사,사무담당자,6
엘지전자㈜,앱개발자,6
엘지전자㈜,영업지원,6
롯데칠성음료(주),제품영업,6
㈜CJ ENM,MD,6
포스코홀딩스,생산직종사자,6
(주)대웅제약,품질관리자,6
한국남동발전(주),전기·전자엔지니어,6
현대오토에버㈜,시스템엔지니어,6
엘지전자㈜,제품영업,6
씨제이올리브네트웍스㈜,시스템엔지니어,6
쿠팡(주),앱개발자,6
현대오일뱅크(주),품질관리자,6
한화S&C㈜,앱개발자,6
한국수자원공사,전기·전자엔지니어,6
에이치디한국조선해양㈜,기계엔지니어,6
한국도로공사,사무담당자,6
현대코퍼레이션(주),해외영업,6
한세실업㈜,해외영업,6
삼성에스디에스,앱개발자,6
에이치케이이노엔(주),제품영업,6
한국동서발전(주),사무담당자,6
(주)이랜드리테일,영업지원,5
한국중부발전(주),기계엔지니어,5
(주)아모레퍼시픽,인사담당자,5
서울주택도시공사,사무담당자,5
도로교통공단,사무담당자,5
한국산업기술진흥원,경영·비즈니스기획,5
코스맥스비티아이(주),품질관리자,5
현대모비스㈜,재무담당자,5
SK이노베이션(주),화학엔지니어,5
삼성중공업(주),기계엔지니어,5
에이에스엠엘코리아(주),반도체엔지니어,5
현대종합금속(주),제품영업,5
한국수력원자력(주),사무담당자,5
한국토지주택공사,사무보조,5
엘지전자㈜,기계엔지니어,5
(주)동원F&B,영업지원,5
(주)동원F&B,제품영업,5
한국콜마홀딩스(주),품질관리자,5
한국지역난방공사,사무담당자,5
(주)LG생활건강,품질관리자,5
대한항공,전기·전자엔지니어,5
현대오일뱅크(주),사무담당자,5
한국산업인력공단,경영·비즈니스기획,5
삼성전자㈜,온라인마케터,5
기아㈜,기계엔지니어,5
롯데IT테크(주),웹개발자,5
㈜KT,제품영업,5
㈜엘지헬로비전,영업지원,5
네이버,웹개발자,5
㈜KT,온라인마케터,5
롯데슈퍼,영업지원,5
롯데하이마트(주),영업지원,5
현대제철주식회사,기계엔지니어,5
㈜GS글로벌,해외영업,5
㈜효성,해외영업,5
SK하이닉스(주),생산직종사자,5
삼성전자㈜,기술·전문강사,5
한국보훈복지의료공단,사무담당자,5
삼성SDI(주),품질관리자,5

Combination: ('학력', '과')
학력,과,count
고졸,0,252
서울4년,경영학과,179
서울4년,경영학부,84
수도권4년,경제학과,73
서울4년,경제학과,72
지방4년,경영학과,57
수도권4년,컴퓨터공학과,57
지방4년,기계공학과,56
서울4년,전기전자,55
서울4년,컴퓨터공학과,52
수도권4년,경영학과,48
서울4년,법,46
서울4년,기계공학과,44
지방4년,전자공학,43
서울4년,경제,43
지방4년,행정학과,42
서울4년,회계세무학과,42
수도권4년,기계공학과,41
수도권4년,산업경영공학과,41
지방4년,기계설계공학과,40
서울4년,컴퓨터공학부,40
서울4년,경영학,39
서울4년,행정학과,39
서울4년,경영,39
서울4년,영어영문학,38
수도권4년,전자공학과,36
서울4년,전기생체공학부,35
대학원,국제의료경영학과,35
서울4년,컴퓨터학부,35
대학원,중국어교육전공,33
수도권4년,전자공학,32
수도권4년,화학공학,32
지방4년,컴퓨터공학,31
서울4년,공공인재학부,31
지방4년,도시계획부동산,31
지방4년,컴퓨터학부,30
서울4년,경영계열,30
지방4년,컴퓨터공학과,30
대학원,경영학과,30
서울4년,전자공학과,30
지방4년,경영학부,29
수도권4년,컴퓨터공학부,29
서울4년,경제학부,29
서울4년,기계공학,28
서울4년,국제통상학과,28
지방4년,전자공학부,28
지방4년,경제학과,25
서울4년,컴퓨터공학,25
서울4년,응용통계학과,25
서울4년,영어교육학과,24
서울4년,법학과,24
서울4년,국어국문,24
대학원,반도체&디스플레이과학경영학과,23
수도권4년,화학공학과,23
지방4년,산업공학과,22
서울4년,산업시스템공학과,21
수도권4년,법학과,21
지방4년,노인복지보건,21
대졸4년,사회계열,20
대졸4년,무역학과,19
대학원,전자컴퓨터통신공,19
대학원,화학공학,19
지방4년,경제통상학부,19
대학원,기계공학과,19
수도권4년,관광경영,18
지방4년,고분자공학과,18
서울4년,법학,18
수도권4년,응용화학생명공학과,18
서울4년,국제물류학과,18
서울4년,중어중문학과,17
수도권4년,정보통신공학,17
서울4년,경영대학 경영학과,17
지방4년,전자공학과,17
수도권4년,산업경제학과,17
수도권4년,경영학과 마케팅경영전공,17
수도권4년,컴퓨터공학,17
지방4년,환경공학과,17
서울4년,글로벌경영,17
서울4년,영어영문학과,16
서울4년,기계공학부,16
지방4년,경제금융,15
서울4년,유기나노시스템공학과,15
대학원,전자공학과,15
수도권4년,정보통신전자공,15
서울4년,전자전기공학부,15
지방4년,사회복지학과,14
대학원,화공생명공학과,14
수도권4년,경영학부,14
서울4년,건축공학부,14
서울4년,환경공학과,14
서울4년,화공생명공학과,14
서울4년,한국사학과,14
서울4년,글로벌경영학과,14
지방4년,발명특허,14
지방4년,안전공학과,14
서울4년,식품생명공학과,14
서울4년,무역학과,14
수도권4년,중국언어문화학,13
서울4년,식품자원경제학,13
수도권4년,정보통신공학과,13
해외대학,Business Administration,13
서울4년,화학공학과,13
지방4년,기계공학,13
지방4년,화학공학부,13
서울4년,환경공학과/화학공학(복수전공),13
서울4년,언론홍보학과,13
대졸4년,소프트웨어공학과,12
서울4년,화학공학부,12
지방4년,수학과,12
수도권4년,기계과 기계시스템전공,12
대학원,컴퓨터공학과,12
서울4년,체육학과/경영학과,12
지방4년,컴퓨터공학부,12
서울4년,중어중문,12
서울4년,전자전기컴퓨터,12
서울4년,자동차IT융합학과,12
서울4년,도시공학과/국제물류학과,12
지방4년,경영학,12
지방4년,노인복지보건학과,12
초대졸,국제경영학,12
서울4년,광고홍보학과,12
서울4년,정보통신공학과,12
서울4년,전자IT미디어공학과,11
서울4년,신소재공학과,11
대학원,휴먼ICT융합학과,11
서울4년,식품영양학과,11
수도권4년,신소재 공학,11
서울4년,도시공,11
수도권4년,기계.금속교육전공,11
지방4년,신소재화학과,11
수도권4년,기계공학부,11
지방4년,무역학,11
서울4년,미디어학부,11
초대졸,국제경영학과,11
해외대학,상경학부,11
대학원,산업공학,11
대졸4년,컴퓨터공학,11
대학원,금융보험학과,11
서울4년,전기전자계열,10
서울4년,독어독문학과,10
서울4년,건축학과,10
서울4년,회계학과,10
지방4년,화학공학,10
서울4년,"무역학과,경영학과(복수전공)",10
수도권4년,산업환경보건학과,10
서울4년,역사콘텐츠학과,10
지방4년,경영,10
수도권4년,경영학,10
지방4년,섬유시스템공학과,10
지방4년,독어독문학과,10
서울4년,전기공학과,10
서울4년,금융경제,10
수도권4년,정보통신전자공학/모바일유비쿼터스융복합,10
지방4년,중어중문학과,9
서울4년,컴퓨터공학부 컴퓨터공학전공,9
서울4년,화학공학,9
서울4년,화공생명공학,9
지방4년,사학과,9
서울4년,정보통신전자공학부,9
서울4년,기계공/ 바이오융합기술,9
서울4년,경영정보,9
지방4년,조선해양공학과,9
서울4년,경영정보학과,9
서울4년,중국문화/경영,9
수도권4년,전기공학과,9
서울4년,통계학과,9
수도권4년,통계학,9
서울4년,화학공학/고분자공학부,9
대졸4년,인문학부,9
수도권4년,무역학부,9
대학원,재료공학과,9
수도권4년,기계로봇공학,9
지방4년,컴퓨터소프트웨어공학과,9
지방4년,컴퓨터소프트웨어공학전공,9
지방4년,컴퓨터공,9
서울4년,한문학과,9
수도권4년,e-비즈니스과,9
대졸4년,중국어과,8
서울4년,신문방송학과,8
서울4년,생명과학부,8
서울4년,전자재료공학과,8
대학원,전파정보통신공학과,8
서울4년,정보시스템,8
수도권4년,국제통상학과,8
서울4년,부동산학과,8
서울4년,건축공학과,8
지방4년,정보통신공학,8
서울4년,교육학과,8
대학원,사회학과,8
대학원,컴퓨터공학,8
지방4년,무역학과,8
서울4년,화학생명공학,8
수도권4년,화학공,8
대학원,신소재 공학,8
서울4년,응용통계,8
지방4년,메카트로닉스공학과,8
수도권4년,고분자시스템공학과,8
대졸4년,행정학부,8
수도권4년,경제,8
서울4년,일어일문학과,8
서울4년,경영학과_경영전공,8
서울4년,영문,7
지방4년,국제관계학과,7
지방4년,기계공학부,7
지방4년,물류시스템공학과,7
서울4년,영어영문,7
지방4년,IT응용공학과,7
서울4년,전기공학,7
서울4년,금융학과,7
서울4년,시각디자인학과,7
서울4년,융합기계공학전공,7
수도권4년,화학과,7
지방4년,기계설계,7
지방4년,경영정보학과,7
대학원,경영학부,7
지방4년,전기공학과,7
대학원,생물공학,7
수도권4년,전자통신공학과,7
대졸4년,역사,7
서울4년,정책학과,7
서울4년,컴퓨터과학부,7
서울4년,통계학,7
지방4년,인도네시아ㆍ말레이시아어과,7
수도권4년,식품영양학과,7
해외대학,신문학,7
지방4년,응용화학공학과,6
수도권4년,산업공학과,6
수도권4년,산업공학,6
서울4년,문화기획,6
서울4년,문화콘텐츠학과,6
수도권4년,생명화학공학과,6
수도권4년,건축공학과,6
수도권4년,사이버보안학과,6
지방4년,소프트웨어학과,6
서울4년,신문방송,6
대학원,컨벤션호텔경영학과,6
지방4년,신소재공학부 금속신소재공학전공,6
대학원,전기공학과,6
서울4년,불어불문,6
수도권4년,국제통상,6
서울4년,수학,6
수도권4년,기계공학,6
해외대학,회계,6
지방4년,국제통상학부,6
초대졸,미디어학과,6
서울4년,국제통상학전공,6
대졸4년,컴퓨터학부,6
서울4년,영어통번역학과,6
서울4년,파이낸스경영학과,6
지방4년,환경공학,6
대졸4년,응용통계학과,6
수도권4년,응용통계학과,6
서울4년,융합전자공학부,6
대학원,석유공학,6
수도권4년,행정학과,6
지방4년,전기전자공학과,6
서울4년,국어국문학,6
서울4년,산업공학,6
지방4년,제어계측공학과,6
대학원,물리학과,6
초대졸,신재생전기계열,5
서울4년,수학과,5
서울4년,상경대학계열,5
서울4년,소프트웨어공학과,5
서울4년,생명환경공학,5
수도권4년,컴퓨터과학,5
대졸4년,전자공학전공,5
지방4년,국제통상전공,5
서울4년,시스템경영공학과,5
수도권4년,식품생명공학과,5
초대졸,전기공학,5
서울4년,식품공학과(공학),5
수도권4년,컴퓨터정보공학,5
서울4년,영어통번역전공,5
서울4년,창의기술 매니지먼트전공,5
대졸4년,산업경영공학과,5
지방4년,행정학,5
수도권4년,경영정보,5
대졸4년,통계,5
지방4년,경영관리전공,5
수도권4년,산업경영공학,5
서울4년,컴퓨터소프트웨어,5
수도권4년,국제경영학과,5
수도권4년,기계과,5
서울4년,글로벌금융전공,5
대학원,환경보건학과,5
지방4년,중국지역통상학과,5
지방4년,전자공학전공,5
지방4년,컴공,5
서울4년,기계시스템디자인공학과,5
서울4년,기술경영,5
지방4년,금속신소재공학과,5
대학원,저널리즘학과,5
대학원,유기나노시스템공학과,5
지방4년,지역환경기반공학,5

Combination: ('학력', '지원 직종')
학력,지원 직종,count
서울4년,경영·비즈니스기획,216
서울4년,영업지원,206
서울4년,사무담당자,191
서울4년,제품영업,179
지방4년,품질관리자,171
수도권4년,품질관리자,146
지방4년,사무담당자,141
서울4년,품질관리자,128
서울4년,앱개발자,108
서울4년,재무담당자,101
지방4년,영업지원,100
서울4년,온라인마케터,96
서울4년,인사담당자,93
서울4년,금융영업,91
지방4년,제품영업,86
서울4년,전기·전자엔지니어,82
서울4년,자재관리자,77
수도권4년,제품영업,73
서울4년,해외영업,69
수도권4년,사무담당자,68
서울4년,시스템엔지니어,68
고졸,전기·전자엔지니어,67
수도권4년,영업지원,67
지방4년,앱개발자,65
지방4년,경영·비즈니스기획,64
서울4년,화학엔지니어,59
지방4년,기계엔지니어,59
수도권4년,앱개발자,57
서울4년,기계엔지니어,57
서울4년,반도체엔지니어,53
지방4년,전기·전자엔지니어,49
수도권4년,시스템엔지니어,46
서울4년,웹개발자,46
지방4년,금융영업,44
지방4년,자재관리자,43
서울4년,MD,42
대학원,사무담당자,42
대학원,화학엔지니어,40
수도권4년,경영·비즈니스기획,40
서울4년,회계담당자,37
대학원,반도체엔지니어,36
지방4년,반도체엔지니어,34
수도권4년,자재관리자,34
지방4년,생산직종사자,33
수도권4년,전기·전자엔지니어,33
수도권4년,반도체엔지니어,33
지방4년,화학엔지니어,31
대학원,경영·비즈니스기획,31
수도권4년,금융영업,31
대학원,품질관리자,31
수도권4년,기계엔지니어,31
고졸,사무담당자,30
서울4년,기술·전문강사,29
수도권4년,웹개발자,28
서울4년,현장관리자,28
서울4년,전기기사,28
지방4년,웹개발자,27
수도권4년,재무담당자,26
수도권4년,네트워크엔지니어,26
대졸4년,앱개발자,25
서울4년,건축기사,25
서울4년,구매관리자,25
대학원,앱개발자,24
서울4년,네트워크엔지니어,23
수도권4년,해외영업,22
고졸,회계담당자,22
수도권4년,온라인마케터,22
서울4년,생산직종사자,22
대학원,바이오·제약연구원,21
지방4년,네트워크엔지니어,21
지방4년,시설관리자,21
수도권4년,회계담당자,21
서울4년,머신러닝엔지니어,20
서울4년,설계엔지니어,20
지방4년,현장관리자,19
수도권4년,설계엔지니어,19
고졸,생산직종사자,19
대학원,인사담당자,19
초대졸,생산직종사자,19
지방4년,시스템엔지니어,19
지방4년,건축기사,19
대학원,R&D·연구원,18
수도권4년,화학엔지니어,18
지방4년,해외영업,18
수도권4년,구매관리자,18
고졸,기계엔지니어,17
서울4년,IT·기술영업,17
대졸4년,경영·비즈니스기획,17
수도권4년,생산직종사자,17
대졸4년,영업지원,16
지방4년,사무보조,16
대학원,기계엔지니어,15
서울4년,경영지원,15
수도권4년,IT·기술영업,15
해외대학,온라인마케터,15
대졸4년,온라인마케터,14
고졸,전기기사,14
지방4년,온라인마케터,14
고졸,금융영업,14
서울4년,매장관리자,13
수도권4년,백엔드개발자,13
서울4년,웹기획,13
서울4년,시설관리자,13
해외대학,경영·비즈니스기획,13
대졸4년,자재관리자,13
서울4년,설문·리서치,13
지방4년,회계담당자,13
대학원,전기·전자엔지니어,12
지방4년,설계엔지니어,12
대학원,영업지원,12
고졸,품질관리자,12
서울4년,인바운드상담원,12
지방4년,IT·기술영업,11
대학원,기술·전문강사,11
대졸4년,금융영업,11
대졸4년,제품영업,11
대졸4년,웹개발자,11
대학원,해외영업,11
수도권4년,인사담당자,10
서울4년,소프트웨어개발자,10
서울4년,QA,9
지방4년,백엔드개발자,9
수도권4년,현장관리자,9
초대졸,품질관리자,9
지방4년,통신엔지니어,9
수도권4년,전기기사,9
해외대학,구매관리자,9
대졸4년,해외영업,9
수도권4년,설치·수리기사,9
대졸4년,사무담당자,9
서울4년,홍보,9
서울4년,마케팅기획,8
대학원,금융영업,8
지방4년,구매관리자,8
서울4년,법인영업,8
서울4년,통신엔지니어,8
수도권4년,매장관리자,8
지방4년,토목기사,8
지방4년,전기기사,8
수도권4년,R&D·연구원,8
대졸4년,인사담당자,7
지방4년,인바운드상담원,7
서울4년,무역사무원,7
초대졸,영업지원,7
수도권4년,사무보조,7
대졸4년,건축기사,7
해외대학,해외영업,7
초대졸,사무담당자,7
지방4년,설비엔지니어,7
대학원,소프트웨어개발자,7
대졸4년,품질관리자,7
지방4년,기술·전문강사,7
대학원,시스템엔지니어,7
해외대학,제품영업,6
대학원,회계담당자,6
서울4년,설치·수리기사,6
고졸,제품영업,6
지방4년,재무담당자,6
수도권4년,심사,6
대학원,제품영업,6
지방4년,QA,6
고졸,경영·비즈니스기획,6
초대졸,제품영업,6
초대졸,경영·비즈니스기획,6
지방4년,매장관리자,6
대학원,생산직종사자,6
대학원,네트워크엔지니어,6
서울4년,바이오·제약연구원,6
수도권4년,MD,6
수도권4년,QA,6
지방4년,환경기사,6
서울4년,그래픽디자이너,6
대학원,머신러닝엔지니어,6
수도권4년,법인영업,5
서울4년,웹퍼블리셔,5
수도권4년,물류관리자,5
수도권4년,인바운드상담원,5
수도권4년,무역사무원,5
수도권4년,건축기사,5
지방4년,영업관리,5
해외대학,영업지원,5
지방4년,생산·공정관리자,5
대학원,기자,5
대학원,시설관리자,5
지방4년,의사,5
대학원,통신엔지니어,5

Combination: ('과', '지원 직종')
과,지원 직종,count
0,전기·전자엔지니어,67
경영학과,사무담당자,61
기계공학과,기계엔지니어,51
행정학과,사무담당자,48
컴퓨터공학,앱개발자,47
컴퓨터공학과,웹개발자,42
전자공학,전기·전자엔지니어,40
화학공학,품질관리자,40
경영학과,경영·비즈니스기획,34
컴퓨터학부,앱개발자,34
컴퓨터공학부,앱개발자,33
경영학과,제품영업,33
0,사무담당자,30
경영학과,인사담당자,29
경제학과,제품영업,27
컴퓨터공학과,앱개발자,27
경제학과,사무담당자,25
화학공학과,품질관리자,25
전기전자,전기기사,25
경영학부,재무담당자,24
경영학과,재무담당자,24
경제학과,재무담당자,23
법학과,사무담당자,23
컴퓨터학부,시스템엔지니어,22
경영학과,영업지원,22
0,회계담당자,22
산업경영공학과,품질관리자,22
전기전자,전기·전자엔지니어,22
경영학부,금융영업,21
경영학,영업지원,21
컴퓨터공학부,시스템엔지니어,20
경영계열,경영·비즈니스기획,20
기계공학과,품질관리자,20
노인복지보건,사무담당자,20
경제학과,경영·비즈니스기획,20
경영학과,회계담당자,19
0,생산직종사자,19
국제의료경영학과,경영·비즈니스기획,19
전자공학과,전기·전자엔지니어,18
기계공학,기계엔지니어,18
경제학과,회계담당자,18
회계세무학과,재무담당자,18
법,제품영업,18
경영학과,금융영업,18
전기생체공학부,전기·전자엔지니어,18
기계설계공학과,기계엔지니어,17
경영학과,온라인마케터,17
기계공학과,설계엔지니어,17
컴퓨터공학,기술·전문강사,17
공공인재학부,경영·비즈니스기획,17
0,기계엔지니어,17
컴퓨터공학과,시스템엔지니어,17
경영학부,사무담당자,16
전자공학,품질관리자,16
소프트웨어공학과,웹개발자,16
기계공학과,생산직종사자,16
경제,사무담당자,16
경영학부,제품영업,16
경영학과,경영지원,16
경영학부,경영·비즈니스기획,15
중국어교육전공,인사담당자,15
경제학과,영업지원,15
식품영양학과,품질관리자,14
0,전기기사,14
0,금융영업,14
환경공학과,화학엔지니어,14
산업공학,품질관리자,14
산업공학과,품질관리자,14
기계설계공학과,품질관리자,14
식품생명공학과,화학엔지니어,14
경영학부,영업지원,14
기계공학과,반도체엔지니어,13
컴퓨터공학부,웹개발자,13
경제,경영·비즈니스기획,13
국제물류학과,자재관리자,13
전자공학과,품질관리자,13
경영학과 마케팅경영전공,사무담당자,13
컴퓨터소프트웨어공학과,백엔드개발자,13
안전공학과,시설관리자,12
응용통계학과,머신러닝엔지니어,12
화학공학,화학엔지니어,12
전기공학과,전기·전자엔지니어,12
건축공학과,현장관리자,12
전자공학과,반도체엔지니어,12
전자공학부,반도체엔지니어,12
0,품질관리자,12
공공인재학부,재무담당자,11
경영,영업지원,11
영어영문학,인사담당자,11
영어영문학과,사무담당자,11
휴먼ICT융합학과,앱개발자,11
산업시스템공학과,앱개발자,11
건축공학부,건축기사,11
무역학과,경영·비즈니스기획,11
도시공학과/국제물류학과,자재관리자,11
회계세무학과,회계담당자,11
화학공학부,품질관리자,11
국제통상학과,자재관리자,10
전자공학과,앱개발자,10
경제학부,영업지원,10
회계세무학과,사무담당자,10
응용화학생명공학과,품질관리자,10
화학과,품질관리자,10
행정학과,영업지원,10
경영학부,해외영업,10
국제통상학과,제품영업,10
무역학과,제품영업,10
전자공학과,백엔드개발자,10
관광경영,제품영업,10
반도체&디스플레이과학경영학과,화학엔지니어,10
화공생명공학과,품질관리자,10
컴퓨터공학,시스템엔지니어,10
영어교육학과,영업지원,10
통계학,제품영업,9
경제통상학부,사무담당자,9
화학공학,반도체엔지니어,9
경영학,경영·비즈니스기획,9
컴퓨터소프트웨어공학전공,앱개발자,9
노인복지보건학과,사무담당자,9
산업경영공학과,자재관리자,9
컴퓨터공학과,소프트웨어개발자,9
정보통신공학,시스템엔지니어,9
국제통상학과,영업지원,9
행정학과,경영·비즈니스기획,9
기계공학과,설치·수리기사,9
전기공학과,품질관리자,9
법,사무담당자,9
무역학,영업지원,9
컴퓨터공학과,네트워크엔지니어,9
컴퓨터공학,웹개발자,8
산업환경보건학과,전기기사,8
경제학부,인사담당자,8
법,인사담당자,8
환경공학과,품질관리자,8
경제금융,영업지원,8
경제,영업지원,8
경영학,제품영업,8
법학과,영업지원,8
메카트로닉스공학과,품질관리자,8
산업경제학과,사무담당자,8
중국어교육전공,해외영업,8
정보통신전자공,네트워크엔지니어,8
역사콘텐츠학과,사무담당자,8
전자공학,반도체엔지니어,8
국어국문,경영·비즈니스기획,8
국어국문,온라인마케터,8
국제의료경영학과,R&D·연구원,8
e-비즈니스과,해외영업,8
전자컴퓨터통신공,기술·전문강사,8
화공생명공학과,바이오·제약연구원,7
중어중문학과,사무담당자,7
컴퓨터공학과,제품영업,7
경영,온라인마케터,7
한문학과,금융영업,7
신소재 공학,반도체엔지니어,7
독어독문학과,영업지원,7
기계공학과,설비엔지니어,7
체육학과/경영학과,영업지원,7
화학생명공학,화학엔지니어,7
기계공학부,기계엔지니어,7
산업경영공학과,시스템엔지니어,7
환경공학과/화학공학(복수전공),화학엔지니어,7
생명과학부,품질관리자,7
고분자공학과,화학엔지니어,7
생물공학,화학엔지니어,7
섬유시스템공학과,품질관리자,7
글로벌경영학과,재무담당자,7
발명특허,제품영업,7
법,영업지원,7
정보통신전자공학부,앱개발자,7
영어교육학과,해외영업,7
고분자공학과,품질관리자,7
영어영문학,소프트웨어개발자,7
금융경제,영업지원,6
영어통번역학과,제품영업,6
전기생체공학부,품질관리자,6
응용화학공학과,품질관리자,6
컨벤션호텔경영학과,사무담당자,6
법학,자재관리자,6
응용통계학과,설문·리서치,6
컴공,앱개발자,6
국제통상학부,사무담당자,6
경제,재무담당자,6
기계공학과,건축기사,6
국제의료경영학과,바이오·제약연구원,6
사이버보안학과,네트워크엔지니어,6
무역학과,금융영업,6
정보시스템,기술·전문강사,6
기계공학부,설계엔지니어,6
사학과,영업지원,6
수학과,영업지원,6
정보통신공학,앱개발자,6
정보통신공학과,네트워크엔지니어,6
정보통신공학과,시스템엔지니어,6
정보통신공학과,앱개발자,6
0,경영·비즈니스기획,6
전자전기컴퓨터,전기·전자엔지니어,6
조선해양공학과,품질관리자,6
상경학부,구매관리자,6
광고홍보학과,온라인마케터,6
전자공학부,전기·전자엔지니어,6
도시계획부동산,사무담당자,6
사회계열,사무담당자,6
물류시스템공학과,자재관리자,6
전자공학과,생산직종사자,6
산업시스템공학과,시스템엔지니어,6
경제학과,자재관리자,6
국어국문,제품영업,6
시각디자인학과,그래픽디자이너,6
경제학과,금융영업,6
독어독문학과,해외영업,6
전자통신공학과,반도체엔지니어,6
경제학과,MD,6
응용화학생명공학과,화학엔지니어,6
물리학과,반도체엔지니어,6
회계,경영·비즈니스기획,6
경영,제품영업,6
컴퓨터학부,기술·전문강사,6
경영학,사무담당자,6
컴퓨터공학과,영업지원,6
경영학과,해외영업,6
0,제품영업,6
건축학과,현장관리자,6
컴퓨터공학부,네트워크엔지니어,6
한국사학과,영업지원,6
화학공학과,화학엔지니어,6
화학공학과,생산직종사자,6
화학공학/고분자공학부,화학엔지니어,6
사회복지학과,영업지원,5
사회학과,영업지원,5
경제학과,해외영업,5
경제학과,품질관리자,5
식품자원경제학,자재관리자,5
영어영문학,경영·비즈니스기획,5
기계설계공학과,생산직종사자,5
한문학과,사무담당자,5
금융보험학과,사무담당자,5
영어영문학,금융영업,5
역사,자재관리자,5
환경보건학과,바이오·제약연구원,5
시스템경영공학과,품질관리자,5
영어영문학,사무담당자,5
글로벌경영,제품영업,5
인문학부,앱개발자,5
컴퓨터정보통신공학과,웹개발자,5
정보통신전자공,시스템엔지니어,5
도시계획부동산,건축기사,5
정보통신공학,네트워크엔지니어,5
컴퓨터소프트웨어,앱개발자,5
도시계획부동산,사무보조,5
경영학,금융영업,5
도시계획부동산,회계담당자,5
수학과,머신러닝엔지니어,5
자동차IT융합학과,기계엔지니어,5
화학공학부,화학엔지니어,5
국제통상,자재관리자,5
금융학과,금융영업,5
전파정보통신공학과,전기·전자엔지니어,5
국제통상학과,경영·비즈니스기획,5
경영학,온라인마케터,5
저널리즘학과,기자,5
중어중문학과,영업지원,5
경영대학 경영학과,인바운드상담원,5
경제,금융영업,5
신소재화학과,환경기사,5
회계학과,재무담당자,5
신소재공학과,반도체엔지니어,5
경영학과,자재관리자,5
회계학과,회계담당자,5
경제금융,금융영업,5
경영계열,사무담당자,5
신소재공학,품질관리자,5
경영,금융영업,5
글로벌금융전공,금융영업,5
유기나노시스템공학과,화학엔지니어,5
간호학과(4년제),간호사,5
미디어학부,온라인마케터,5
국제경영학과,경영·비즈니스기획,5
법학,영업지원,5
글로벌경영,영업지원,5
신소재 공학,R&D·연구원,5
행정학과,사무보조,5
전자공학부,품질관리자,5
전기생체공학부,현장관리자,5

Combination: ('년도 및 분기', '회사명', '학력')
년도 및 분기,회사명,학력,count
2015년 하반기,삼성전자㈜,서울4년,13
2015년 하반기,삼성전자㈜,지방4년,12
2016년 상반기,GS리테일,서울4년,10
2016년 상반기,GS리테일,지방4년,10
2015년 하반기,엘지전자㈜,서울4년,10
2018년 상반기,삼성전자㈜,수도권4년,9
2016년 하반기,GS리테일,서울4년,9
2015년 하반기,씨제이올리브네트웍스㈜,서울4년,9
2016년 상반기,한국지역난방공사,고졸,8
2015년 하반기,GS리테일,서울4년,8
2017년 상반기,GS리테일,서울4년,7
2016년 하반기,㈜효성,서울4년,7
2016년 상반기,삼성전자㈜,서울4년,7
2015년 하반기,대한항공,수도권4년,7
2016년 상반기,삼성전자㈜,지방4년,7
2016년 하반기,삼성전자㈜,서울4년,7
2015년 하반기,GS리테일,수도권4년,7
2018년 하반기,삼성전자㈜,수도권4년,7
2016년 하반기,삼성전자㈜,지방4년,6
2016년 상반기,삼성화재해상보험,고졸,6
2016년 상반기,삼성전자㈜,고졸,6
2015년 하반기,NH농협은행,서울4년,6
2016년 하반기,현대글로비스(주),서울4년,6
2015년 하반기,SK C&C,서울4년,6
2018년 상반기,삼성전자㈜,서울4년,6
2017년 하반기,GS리테일,서울4년,6
2015년 하반기,현대오토에버㈜,서울4년,6
2015년 하반기,현대모비스㈜,서울4년,6
2019년 상반기,삼성전자㈜,서울4년,6
2016년 상반기,한화시스템(주),서울4년,5
2016년 상반기,엘지전자㈜,서울4년,5
2017년 하반기,한국전력공사,서울4년,5
2015년 하반기,롯데IT테크(주),서울4년,5
2015년 하반기,SK하이닉스(주),지방4년,5
2015년 상반기,GS리테일,수도권4년,5
2016년 하반기,삼성전자㈜,수도권4년,5
2016년 상반기,㈜KT,지방4년,5
2019년 하반기,삼성전자㈜,서울4년,5
2018년 하반기,한국전력공사,서울4년,5
2015년 상반기,㈜CJ ENM,서울4년,5
2015년 하반기,씨제이올리브네트웍스㈜,수도권4년,5
2017년 하반기,㈜BGF리테일,서울4년,5
2016년 상반기,GS리테일,수도권4년,5
2019년 상반기,한국수자원공사,서울4년,5
2015년 하반기,CJ제일제당(주),서울4년,5
2022년 상반기,삼성전자㈜,서울4년,5
2016년 하반기,GS리테일,수도권4년,5
2016년 상반기,국민건강보험공단,지방4년,5
2016년 하반기,엘지전자㈜,서울4년,5
2019년 하반기,NH농협은행,지방4년,5
2016년 상반기,현대자동차㈜,서울4년,5
2015년 상반기,현대모비스㈜,서울4년,5
2019년 상반기,한국철도공사,서울4년,5
2015년 상반기,현대제철주식회사,서울4년,5

Combination: ('년도 및 분기', '회사명', '과')
년도 및 분기,회사명,과,count
2016년 상반기,한국지역난방공사,0,8
2016년 상반기,삼성화재해상보험,0,6
2016년 상반기,삼성전자㈜,0,6
2015년 하반기,SK C&C,컴퓨터공학과,5

Combination: ('년도 및 분기', '회사명', '지원 직종')
년도 및 분기,회사명,지원 직종,count
2016년 상반기,GS리테일,영업지원,15
2018년 상반기,삼성전자㈜,반도체엔지니어,14
2015년 하반기,GS리테일,영업지원,13
2016년 하반기,GS리테일,영업지원,11
2015년 하반기,(주)한진,자재관리자,8
2016년 하반기,삼성전자㈜,반도체엔지니어,7
2017년 상반기,GS리테일,영업지원,7
2015년 하반기,엔에이치엔(주),앱개발자,7
2018년 상반기,SK하이닉스(주),반도체엔지니어,7
2015년 상반기,현대자동차㈜,기계엔지니어,6
2016년 상반기,삼성전자㈜,반도체엔지니어,6
2015년 하반기,씨제이올리브네트웍스㈜,앱개발자,6
2015년 하반기,SK C&C,앱개발자,6
2019년 하반기,NH농협은행,금융영업,6
2015년 하반기,CJ대한통운(주),자재관리자,6
2016년 하반기,GS리테일,자재관리자,6
2015년 하반기,삼성전자㈜,반도체엔지니어,6
2016년 하반기,엔에이치엔(주),웹개발자,5
2015년 하반기,현대위아(주),품질관리자,5
2015년 하반기,롯데IT테크(주),앱개발자,5
2015년 하반기,삼성전자㈜,앱개발자,5
2015년 하반기,삼성전자㈜,전기·전자엔지니어,5
2016년 상반기,GS리테일,제품영업,5
2015년 하반기,현대오토에버㈜,앱개발자,5
2017년 하반기,삼성전자㈜,반도체엔지니어,5
2016년 하반기,삼성전자㈜,앱개발자,5
2016년 상반기,한국전력공사,사무담당자,5
2015년 상반기,GS리테일,제품영업,5
2018년 하반기,삼성전자㈜,반도체엔지니어,5
2017년 하반기,한국동서발전(주),전기·전자엔지니어,5
2016년 하반기,현대글로비스(주),자재관리자,5

Combination: ('년도 및 분기', '학력', '과')
년도 및 분기,학력,과,count
2016년 상반기,고졸,0,75
2020년 상반기,지방4년,행정학과,29
2020년 하반기,서울4년,경영학부,26
2023년 상반기,서울4년,경영학과,25
2016년 하반기,고졸,0,24
2015년 하반기,서울4년,컴퓨터공학,23
2016년 하반기,서울4년,경영학과,23
2017년 하반기,고졸,0,23
2023년 상반기,서울4년,공공인재학부,23
2017년 하반기,서울4년,경영학,22
2018년 하반기,고졸,0,22
2017년 하반기,수도권4년,전자공학,22
2022년 하반기,수도권4년,경제학과,22
2015년 하반기,수도권4년,컴퓨터공학과,21
2016년 하반기,서울4년,경영,20
2015년 하반기,지방4년,기계공학과,20
2019년 하반기,서울4년,영어영문학,20
2019년 하반기,서울4년,전기전자,20
2017년 하반기,서울4년,국어국문,19
2016년 하반기,지방4년,기계설계공학과,19
2018년 상반기,서울4년,경영학과,18
2018년 하반기,서울4년,법,18
2021년 하반기,고졸,0,18
2017년 상반기,서울4년,법,18
2016년 하반기,서울4년,국제통상학과,18
2017년 상반기,서울4년,회계세무학과,18
2017년 상반기,서울4년,경제,17
2015년 상반기,서울4년,경영학과,17
2015년 하반기,서울4년,경제학과,17
2022년 상반기,대졸4년,사회계열,17
2016년 상반기,서울4년,컴퓨터공학부,16
2018년 상반기,대학원,경영학과,16
2015년 하반기,서울4년,컴퓨터공학부,16
2017년 하반기,서울4년,국제물류학과,16
2016년 하반기,수도권4년,정보통신전자공,15
2015년 하반기,수도권4년,화학공학,15
2015년 하반기,서울4년,컴퓨터학부,15
2022년 상반기,대학원,중국어교육전공,14
2015년 하반기,지방4년,경제금융,14
2018년 하반기,서울4년,행정학과,14
2015년 하반기,수도권4년,컴퓨터공학부,13
2017년 하반기,서울4년,산업시스템공학과,13
2022년 상반기,대학원,국제의료경영학과,13
2019년 상반기,서울4년,경영학부,13
2018년 상반기,고졸,0,13
2016년 상반기,수도권4년,중국언어문화학,13
2019년 하반기,고졸,0,13
2015년 하반기,수도권4년,컴퓨터공학,13
2016년 상반기,서울4년,컴퓨터학부,12
2016년 상반기,서울4년,법학,12
2016년 하반기,서울4년,영어교육학과,12
2015년 하반기,서울4년,기계공학과,12
2017년 하반기,서울4년,경영학과,12
2023년 상반기,서울4년,경영대학 경영학과,12
2020년 하반기,고졸,0,12
2015년 하반기,지방4년,컴퓨터학부,12
2021년 하반기,대학원,중국어교육전공,12
2015년 상반기,서울4년,기계공학과,12
2017년 상반기,대학원,전자컴퓨터통신공,12
2018년 하반기,서울4년,정보통신공학과,12
2018년 상반기,지방4년,경영학과,12
2015년 하반기,서울4년,전자전기컴퓨터,11
2017년 상반기,대학원,산업공학,11
2020년 상반기,수도권4년,경영학과 마케팅경영전공,11
2016년 하반기,서울4년,환경공학과/화학공학(복수전공),11
2018년 하반기,대졸4년,무역학과,11
2016년 하반기,서울4년,식품자원경제학,11
2019년 하반기,수도권4년,응용화학생명공학과,11
2016년 상반기,지방4년,컴퓨터공학,11
2018년 하반기,수도권4년,산업경영공학과,11
2017년 상반기,지방4년,기계설계공학과,11
2017년 하반기,대학원,휴먼ICT융합학과,11
2017년 상반기,서울4년,경영학과,11
2019년 상반기,서울4년,전기전자,11
2016년 상반기,지방4년,경영학부,11
2019년 상반기,지방4년,신소재화학과,11
2016년 상반기,서울4년,경제학과,11
2017년 하반기,서울4년,회계세무학과,10
2015년 하반기,서울4년,경영학과,10
2015년 상반기,수도권4년,경영학과,10
2016년 상반기,서울4년,경영학과,10
2022년 하반기,서울4년,경영학과,10
2018년 상반기,서울4년,법학과,10
2018년 하반기,수도권4년,관광경영,10
2017년 상반기,서울4년,도시공,10
2015년 하반기,서울4년,컴퓨터공학과,10
2015년 하반기,수도권4년,화학공학과,9
2016년 상반기,수도권4년,경영학과,9
2015년 상반기,서울4년,전자공학과,9
2016년 상반기,지방4년,경제학과,9
2020년 상반기,서울4년,경영학부,9
2016년 상반기,지방4년,도시계획부동산,9
2017년 상반기,고졸,0,9
2015년 하반기,수도권4년,경제학과,9
2021년 하반기,대학원,기계공학과,9
2015년 상반기,지방4년,기계공학과,9
2015년 상반기,서울4년,컴퓨터공학과,9
2015년 하반기,수도권4년,기계공학부,9
2022년 하반기,수도권4년,신소재 공학,9
2016년 하반기,지방4년,도시계획부동산,9
2021년 상반기,지방4년,경영학과,9
2019년 하반기,서울4년,경제학과,9
2016년 상반기,지방4년,경제통상학부,9
2016년 상반기,서울4년,전기생체공학부,9
2016년 하반기,수도권4년,산업경제학과,9
2016년 하반기,대졸4년,소프트웨어공학과,9
2016년 상반기,서울4년,기계공학,9
2015년 하반기,서울4년,기계공/ 바이오융합기술,9
2015년 하반기,대졸4년,컴퓨터공학,9
2018년 상반기,수도권4년,컴퓨터공학과,9
2022년 상반기,서울4년,경영학과,9
2019년 상반기,고졸,0,9
2021년 상반기,서울4년,화학공학부,9
2016년 상반기,서울4년,금융경제,9
2017년 상반기,지방4년,전자공학,8
2021년 하반기,서울4년,자동차IT융합학과,8
2015년 상반기,서울4년,행정학과,8
2015년 하반기,지방4년,메카트로닉스공학과,8
2023년 상반기,지방4년,컴퓨터소프트웨어공학과,8
2018년 하반기,서울4년,경제학과,8
2022년 상반기,지방4년,산업공학과,8
2015년 하반기,서울4년,전자공학과,8
2015년 하반기,서울4년,경제학부,8
2022년 하반기,수도권4년,전자공학과,8
2019년 상반기,서울4년,영어영문학,8
2015년 하반기,지방4년,안전공학과,8
2019년 상반기,서울4년,경제,8
2023년 하반기,수도권4년,컴퓨터공학과,8
2016년 하반기,서울4년,도시공학과/국제물류학과,8
2017년 상반기,서울4년,한국사학과,8
2020년 상반기,대학원,반도체&디스플레이과학경영학과,8
2016년 상반기,서울4년,중어중문학과,8
2019년 하반기,서울4년,응용통계학과,8
2016년 하반기,지방4년,컴퓨터소프트웨어공학전공,8
2021년 하반기,서울4년,경영학과,8
2020년 하반기,서울4년,경영학과_경영전공,8
2016년 상반기,서울4년,영어교육학과,8
2023년 상반기,서울4년,영어영문학,8
2017년 하반기,지방4년,전자공학,8
2015년 하반기,지방4년,고분자공학과,8
2016년 상반기,서울4년,식품생명공학과,8
2015년 상반기,서울4년,신문방송학과,8
2019년 하반기,서울4년,경영학부,8
2018년 상반기,서울4년,전기전자,8
2016년 하반기,수도권4년,컴퓨터공학부,8
2018년 상반기,서울4년,전자IT미디어공학과,8
2019년 하반기,서울4년,독어독문학과,8
2021년 상반기,서울4년,무역학과,8
2018년 상반기,수도권4년,산업경영공학과,8
2021년 상반기,서울4년,전기공학과,8
2016년 상반기,지방4년,환경공학과,7
2021년 상반기,대학원,중국어교육전공,7
2022년 하반기,고졸,0,7
2016년 상반기,해외대학,Business Administration,7
2022년 상반기,수도권4년,경제학과,7
2015년 하반기,서울4년,글로벌경영,7
2022년 하반기,서울4년,공공인재학부,7
2016년 하반기,서울4년,전자공학과,7
2015년 하반기,서울4년,화공생명공학과,7
2022년 상반기,지방4년,수학과,7
2016년 하반기,서울4년,컴퓨터공학과,7
2016년 상반기,지방4년,컴퓨터공학과,7
2015년 하반기,서울4년,신소재공학과,7
2015년 하반기,수도권4년,경영학과,7
2022년 상반기,서울4년,컴퓨터공학과,7
2022년 하반기,서울4년,생명과학부,7
2020년 상반기,수도권4년,경제학과,7
2016년 하반기,수도권4년,경영학과,7
2016년 하반기,서울4년,정보시스템,7
2015년 하반기,지방4년,컴퓨터공학,7
2017년 하반기,지방4년,노인복지보건,7
2018년 상반기,서울4년,행정학과,7
2017년 하반기,서울4년,전기전자,7
2019년 하반기,서울4년,컴퓨터공학부 컴퓨터공학전공,7
2016년 상반기,서울4년,체육학과/경영학과,7
2016년 상반기,서울4년,중국문화/경영,7
2017년 하반기,지방4년,전자공학부,7
2022년 상반기,서울4년,기계공학과,7
2016년 상반기,서울4년,"무역학과,경영학과(복수전공)",7
2018년 상반기,서울4년,회계세무학과,7
2017년 상반기,지방4년,컴퓨터공학,7
2016년 상반기,서울4년,경영학부,7
2018년 상반기,해외대학,상경학부,7
2016년 상반기,서울4년,경영,7
2019년 상반기,서울4년,화학공학/고분자공학부,7
2021년 하반기,서울4년,컴퓨터공학과,7
2018년 하반기,서울4년,전기전자,7
2018년 하반기,수도권4년,e-비즈니스과,7
2016년 상반기,수도권4년,산업경제학과,7
2015년 하반기,서울4년,미디어학부,7
2019년 하반기,지방4년,사학과,7
2017년 상반기,지방4년,도시계획부동산,7
2022년 하반기,수도권4년,기계과 기계시스템전공,7
2019년 하반기,지방4년,독어독문학과,6
2021년 상반기,서울4년,경영학부,6
2020년 상반기,고졸,0,6
2015년 하반기,지방4년,무역학,6
2017년 상반기,수도권4년,산업경영공학과,6
2017년 상반기,서울4년,경제학과,6
2016년 하반기,대학원,석유공학,6
2016년 하반기,서울4년,한국사학과,6
2018년 상반기,지방4년,노인복지보건,6
2016년 하반기,대졸4년,행정학부,6
2016년 하반기,대졸4년,컴퓨터학부,6
2015년 상반기,수도권4년,컴퓨터공학과,6
2023년 상반기,수도권4년,경제학과,6
2016년 상반기,서울4년,응용통계,6
2016년 상반기,지방4년,노인복지보건학과,6
2016년 하반기,수도권4년,전자공학과,6
2016년 하반기,서울4년,전자재료공학과,6
2018년 하반기,서울4년,경제,6
2015년 하반기,지방4년,경영학부,6
2018년 하반기,수도권4년,경영학,6
2015년 하반기,지방4년,컴퓨터공학과,6
2016년 하반기,서울4년,기계공학,6
2015년 하반기,지방4년,컴퓨터공학부,6
2016년 하반기,서울4년,법학,6
2016년 하반기,서울4년,불어불문,6
2015년 하반기,지방4년,화학공학부,6
2018년 하반기,수도권4년,기계공학과,6
2020년 상반기,대학원,국제의료경영학과,6
2018년 하반기,서울4년,글로벌경영학과,6
2018년 하반기,서울4년,회계세무학과,6
2016년 하반기,서울4년,건축학과,6
2017년 상반기,서울4년,전기공학,6
2015년 하반기,서울4년,식품생명공학과,6
2015년 하반기,서울4년,광고홍보학과,6
2016년 하반기,서울4년,응용통계학과,6
2018년 하반기,서울4년,유기나노시스템공학과,6
2015년 상반기,고졸,0,6
2016년 상반기,지방4년,기계설계공학과,6
2017년 하반기,지방4년,신소재공학부 금속신소재공학전공,6
2017년 하반기,대학원,신소재 공학,6
2023년 상반기,대졸4년,중국어과,6
2019년 하반기,서울4년,회계학과,6
2017년 상반기,지방4년,발명특허,6
2016년 상반기,지방4년,컴퓨터학부,6
2015년 하반기,서울4년,파이낸스경영학과,6
2017년 하반기,서울4년,전기생체공학부,6
2017년 하반기,대학원,전자컴퓨터통신공,6
2016년 하반기,지방4년,컴퓨터공학과,6
2015년 상반기,서울4년,법학과,6
2016년 상반기,지방4년,전자공학부,6
2022년 하반기,서울4년,기계공학과,6
2016년 상반기,지방4년,전자공학과,6
2016년 상반기,수도권4년,법학과,6
2015년 상반기,서울4년,컴퓨터공학부,6
2015년 상반기,서울4년,컴퓨터학부,6
2017년 상반기,대학원,생물공학,6
2022년 하반기,대학원,컨벤션호텔경영학과,6
2017년 상반기,서울4년,중어중문,6
2017년 하반기,수도권4년,사이버보안학과,6
2020년 하반기,서울4년,경영계열,6
2022년 하반기,수도권4년,경영학부,6
2017년 상반기,지방4년,노인복지보건,6
2016년 하반기,지방4년,경제학과,6
2016년 상반기,서울4년,전자공학과,6
2020년 하반기,대학원,반도체&디스플레이과학경영학과,6
2022년 상반기,수도권4년,산업환경보건학과,5
2022년 상반기,수도권4년,전자공학과,5
2021년 상반기,수도권4년,식품생명공학과,5
2016년 상반기,수도권4년,화학공학과,5
2021년 상반기,수도권4년,화학과,5
2015년 하반기,지방4년,경영정보학과,5
2022년 상반기,서울4년,언론홍보학과,5
2016년 하반기,서울4년,건축공학부,5
2016년 하반기,서울4년,경영정보,5
2021년 하반기,지방4년,전자공학전공,5
2016년 하반기,서울4년,경영학부,5
2016년 상반기,지방4년,정보통신공학,5
2021년 상반기,서울4년,시각디자인학과,5
2021년 하반기,대학원,국제의료경영학과,5
2016년 상반기,수도권4년,컴퓨터공학부,5
2016년 상반기,지방4년,IT응용공학과,5
2016년 상반기,수도권4년,기계공학과,5
2021년 하반기,수도권4년,산업환경보건학과,5
2015년 하반기,수도권4년,정보통신공학과,5
2015년 하반기,지방4년,기계공학,5
2021년 하반기,대학원,화공생명공학과,5
2015년 하반기,서울4년,전기생체공학부,5
2021년 하반기,서울4년,경영학부,5
2015년 하반기,서울4년,컴퓨터소프트웨어,5
2021년 하반기,서울4년,식품영양학과,5
2021년 하반기,서울4년,영어영문학과,5
2021년 상반기,서울4년,경영학과,5
2016년 상반기,지방4년,경영학,5
2022년 하반기,대학원,유기나노시스템공학과,5
2017년 하반기,대학원,경영학과,5
2019년 상반기,지방4년,경영학과,5
2017년 상반기,서울4년,경영학,5
2015년 상반기,수도권4년,화학공학과,5
2023년 상반기,수도권4년,기계과 기계시스템전공,5
2015년 상반기,지방4년,경영학과,5
2018년 상반기,서울4년,경영계열,5
2019년 상반기,지방4년,전자공학,5
2016년 하반기,지방4년,컴퓨터학부,5
2023년 상반기,수도권4년,경영학부,5
2018년 상반기,지방4년,기계공학과,5
2017년 하반기,서울4년,화공생명공학,5
2016년 하반기,지방4년,전자공학,5
2018년 상반기,지방4년,제어계측공학과,5
2020년 상반기,지방4년,고분자공학과,5
2018년 상반기,초대졸,국제경영학,5
2018년 상반기,대학원,화학공학,5
2017년 상반기,서울4년,정보통신전자공학부,5
2015년 하반기,지방4년,컴공,5
2017년 하반기,지방4년,경제통상학부,5
2017년 하반기,서울4년,금융학과,5
2019년 하반기,서울4년,전자전기공학부,5
2023년 상반기,대학원,전파정보통신공학과,5
2015년 상반기,서울4년,언론홍보학과,5
2017년 하반기,수도권4년,전기공학과,5
2015년 상반기,서울4년,전기생체공학부,5
2015년 상반기,서울4년,전자전기공학부,5
2017년 하반기,지방4년,환경공학과,5
2016년 하반기,서울4년,경제학과,5
2017년 상반기,지방4년,화학공학,5
2015년 상반기,서울4년,경제학과,5
2019년 하반기,서울4년,경영학과,5
2019년 하반기,대학원,사회학과,5
2017년 상반기,수도권4년,화학공,5
2020년 상반기,지방4년,화학공학부,5
2018년 상반기,지방4년,전자공학부,5
2016년 하반기,지방4년,국제통상학부,5
2016년 하반기,수도권4년,법학과,5
2018년 하반기,지방4년,조선해양공학과,5
2016년 하반기,서울4년,소프트웨어공학과,5
2015년 하반기,서울4년,국제통상학과,5
2016년 하반기,서울4년,영어통번역학과,5
2015년 하반기,서울4년,경영,5
2019년 상반기,서울4년,역사콘텐츠학과,5
2015년 하반기,고졸,0,5
2020년 하반기,서울4년,융합기계공학전공,5
2016년 하반기,수도권4년,기계공학과,5
2017년 하반기,서울4년,환경공학과,5
2016년 하반기,수도권4년,응용통계학과,5
2018년 하반기,서울4년,경영학과,5
2018년 하반기,대학원,환경보건학과,5
2018년 하반기,대학원,화학공학,5

Combination: ('년도 및 분기', '학력', '지원 직종')
년도 및 분기,학력,지원 직종,count
2015년 하반기,서울4년,앱개발자,38
2016년 하반기,서울4년,영업지원,38
2015년 하반기,서울4년,영업지원,37
2016년 상반기,서울4년,영업지원,36
2015년 하반기,지방4년,품질관리자,35
2016년 하반기,서울4년,제품영업,35
2016년 하반기,서울4년,경영·비즈니스기획,31
2015년 하반기,지방4년,영업지원,28
2018년 상반기,서울4년,사무담당자,27
2020년 상반기,지방4년,사무담당자,25
2015년 하반기,수도권4년,품질관리자,24
2016년 하반기,서울4년,자재관리자,24
2015년 하반기,지방4년,앱개발자,24
2016년 상반기,지방4년,제품영업,24
2015년 하반기,수도권4년,앱개발자,23
2018년 하반기,서울4년,사무담당자,23
2017년 하반기,서울4년,경영·비즈니스기획,22
2016년 상반기,지방4년,사무담당자,22
2017년 상반기,서울4년,경영·비즈니스기획,22
2017년 하반기,서울4년,영업지원,20
2017년 상반기,서울4년,제품영업,20
2015년 하반기,서울4년,품질관리자,20
2018년 하반기,수도권4년,품질관리자,20
2016년 상반기,서울4년,시스템엔지니어,19
2017년 상반기,서울4년,영업지원,19
2019년 하반기,서울4년,전기기사,19
2016년 하반기,지방4년,앱개발자,19
2016년 하반기,서울4년,품질관리자,19
2015년 하반기,서울4년,시스템엔지니어,19
2017년 하반기,고졸,전기·전자엔지니어,19
2015년 하반기,서울4년,기계엔지니어,18
2015년 하반기,서울4년,기술·전문강사,18
2017년 상반기,서울4년,사무담당자,18
2017년 하반기,수도권4년,품질관리자,18
2016년 상반기,수도권4년,사무담당자,17
2015년 하반기,지방4년,기계엔지니어,17
2016년 하반기,지방4년,사무담당자,17
2015년 하반기,서울4년,경영·비즈니스기획,17
2018년 하반기,서울4년,제품영업,16
2019년 하반기,서울4년,인사담당자,16
2016년 하반기,서울4년,사무담당자,16
2022년 하반기,수도권4년,회계담당자,16
2018년 상반기,대학원,사무담당자,16
2016년 상반기,서울4년,경영·비즈니스기획,16
2015년 하반기,수도권4년,시스템엔지니어,16
2022년 상반기,지방4년,품질관리자,15
2015년 상반기,서울4년,제품영업,15
2015년 하반기,서울4년,전기·전자엔지니어,15
2016년 하반기,수도권4년,품질관리자,15
2016년 상반기,서울4년,제품영업,15
2018년 하반기,고졸,전기·전자엔지니어,15
2019년 상반기,서울4년,제품영업,15
2015년 상반기,서울4년,경영·비즈니스기획,14
2015년 하반기,서울4년,온라인마케터,14
2015년 상반기,서울4년,앱개발자,14
2020년 하반기,서울4년,재무담당자,14
2016년 하반기,서울4년,인사담당자,14
2017년 하반기,서울4년,자재관리자,14
2016년 상반기,고졸,회계담당자,14
2015년 하반기,서울4년,금융영업,14
2017년 하반기,서울4년,사무담당자,14
2018년 하반기,지방4년,품질관리자,14
2016년 상반기,서울4년,인사담당자,14
2016년 상반기,서울4년,자재관리자,14
2015년 상반기,서울4년,온라인마케터,13
2016년 하반기,서울4년,해외영업,13
2015년 하반기,수도권4년,영업지원,13
2017년 하반기,서울4년,전기·전자엔지니어,13
2017년 하반기,서울4년,제품영업,13
2016년 상반기,지방4년,품질관리자,13
2016년 하반기,수도권4년,시스템엔지니어,13
2019년 상반기,서울4년,사무담당자,13
2017년 상반기,지방4년,품질관리자,13
2016년 하반기,지방4년,품질관리자,13
2016년 상반기,서울4년,앱개발자,12
2016년 상반기,서울4년,화학엔지니어,12
2016년 상반기,고졸,사무담당자,12
2019년 하반기,서울4년,사무담당자,12
2023년 상반기,서울4년,경영·비즈니스기획,12
2020년 하반기,서울4년,경영·비즈니스기획,12
2018년 하반기,서울4년,영업지원,12
2016년 하반기,서울4년,온라인마케터,12
2017년 하반기,지방4년,품질관리자,12
2017년 하반기,지방4년,전기·전자엔지니어,12
2016년 상반기,지방4년,영업지원,12
2016년 하반기,수도권4년,제품영업,12
2015년 하반기,서울4년,화학엔지니어,11
2015년 상반기,서울4년,재무담당자,11
2018년 상반기,수도권4년,반도체엔지니어,11
2016년 하반기,서울4년,웹개발자,11
2019년 하반기,서울4년,제품영업,11
2016년 하반기,서울4년,현장관리자,11
2015년 하반기,서울4년,사무담당자,11
2021년 하반기,서울4년,사무담당자,11
2015년 상반기,지방4년,품질관리자,11
2016년 하반기,수도권4년,웹개발자,11
2019년 하반기,서울4년,금융영업,11
2018년 상반기,지방4년,사무담당자,11
2023년 상반기,서울4년,재무담당자,11
2019년 하반기,수도권4년,품질관리자,11
2018년 하반기,수도권4년,영업지원,11
2017년 하반기,대학원,앱개발자,11
2019년 상반기,서울4년,경영·비즈니스기획,11
2015년 하반기,지방4년,자재관리자,11
2016년 상반기,서울4년,사무담당자,11
2017년 상반기,지방4년,사무담당자,11
2022년 상반기,서울4년,품질관리자,11
2022년 하반기,서울4년,품질관리자,11
2015년 상반기,수도권4년,품질관리자,10
2016년 하반기,지방4년,현장관리자,10
2015년 하반기,지방4년,제품영업,10
2016년 하반기,서울4년,금융영업,10
2017년 하반기,지방4년,사무담당자,10
2015년 상반기,지방4년,제품영업,10
2015년 하반기,서울4년,자재관리자,10
2016년 하반기,수도권4년,사무담당자,10
2017년 상반기,수도권4년,품질관리자,10
2016년 상반기,지방4년,앱개발자,10
2017년 하반기,대학원,사무담당자,10
2015년 하반기,수도권4년,자재관리자,10
2016년 하반기,서울4년,앱개발자,10
2018년 상반기,지방4년,경영·비즈니스기획,10
2016년 상반기,서울4년,온라인마케터,10
2022년 상반기,대학원,인사담당자,10
2021년 상반기,서울4년,경영·비즈니스기획,10
2017년 하반기,서울4년,금융영업,10
2017년 하반기,서울4년,품질관리자,10
2015년 하반기,서울4년,해외영업,10
2022년 상반기,수도권4년,재무담당자,10
2021년 상반기,서울4년,품질관리자,10
2015년 하반기,서울4년,MD,9
2017년 하반기,서울4년,온라인마케터,9
2016년 하반기,서울4년,화학엔지니어,9
2019년 상반기,지방4년,품질관리자,9
2021년 하반기,서울4년,재무담당자,9
2016년 상반기,서울4년,품질관리자,9
2020년 상반기,수도권4년,사무담당자,9
2016년 하반기,지방4년,기계엔지니어,9
2017년 상반기,대학원,기술·전문강사,9
2015년 하반기,지방4년,생산직종사자,9
2021년 상반기,서울4년,재무담당자,9
2021년 상반기,서울4년,제품영업,9
2015년 상반기,서울4년,영업지원,9
2018년 상반기,서울4년,제품영업,9
2017년 상반기,대학원,품질관리자,9
2015년 상반기,서울4년,사무담당자,9
2018년 상반기,수도권4년,품질관리자,9
2015년 상반기,서울4년,기계엔지니어,9
2015년 상반기,수도권4년,사무담당자,9
2015년 상반기,지방4년,기계엔지니어,9
2017년 상반기,서울4년,앱개발자,9
2018년 상반기,서울4년,반도체엔지니어,9
2022년 하반기,서울4년,경영·비즈니스기획,9
2017년 상반기,서울4년,재무담당자,9
2016년 상반기,수도권4년,품질관리자,9
2021년 상반기,수도권4년,품질관리자,8
2016년 상반기,수도권4년,영업지원,8
2015년 하반기,지방4년,사무담당자,8
2015년 하반기,수도권4년,경영·비즈니스기획,8
2016년 상반기,서울4년,기계엔지니어,8
2016년 상반기,고졸,금융영업,8
2021년 하반기,대학원,바이오·제약연구원,8
2016년 하반기,서울4년,반도체엔지니어,8
2015년 하반기,대졸4년,앱개발자,8
2015년 하반기,지방4년,해외영업,8
2016년 상반기,지방4년,네트워크엔지니어,8
2015년 하반기,수도권4년,웹개발자,8
2016년 하반기,대졸4년,앱개발자,8
2015년 하반기,서울4년,웹개발자,8
2016년 하반기,대졸4년,웹개발자,8
2021년 하반기,고졸,기계엔지니어,8
2019년 상반기,서울4년,화학엔지니어,8
2016년 상반기,고졸,전기·전자엔지니어,8
2018년 상반기,지방4년,품질관리자,8
2017년 하반기,수도권4년,전기·전자엔지니어,8
2018년 상반기,수도권4년,영업지원,8
2019년 하반기,지방4년,영업지원,8
2017년 상반기,지방4년,앱개발자,8
2017년 상반기,지방4년,기계엔지니어,8
2017년 상반기,지방4년,전기·전자엔지니어,8
2022년 상반기,서울4년,사무담당자,8
2016년 하반기,지방4년,영업지원,8
2021년 하반기,지방4년,품질관리자,8
2017년 상반기,서울4년,회계담당자,8
2018년 상반기,서울4년,경영·비즈니스기획,8
2017년 상반기,서울4년,자재관리자,8
2018년 상반기,고졸,전기·전자엔지니어,8
2023년 상반기,지방4년,백엔드개발자,8
2017년 하반기,대학원,품질관리자,8
2018년 상반기,수도권4년,제품영업,8
2022년 상반기,서울4년,경영·비즈니스기획,8
2016년 하반기,수도권4년,네트워크엔지니어,8
2019년 하반기,서울4년,경영·비즈니스기획,8
2021년 하반기,서울4년,웹개발자,8
2017년 하반기,서울4년,앱개발자,8
2015년 상반기,서울4년,금융영업,8
2023년 상반기,서울4년,인사담당자,8
2019년 상반기,서울4년,전기·전자엔지니어,7
2014년 하반기,지방4년,품질관리자,7
2018년 하반기,서울4년,네트워크엔지니어,7
2015년 하반기,지방4년,웹개발자,7
2016년 상반기,지방4년,자재관리자,7
2017년 상반기,서울4년,온라인마케터,7
2016년 상반기,지방4년,기계엔지니어,7
2015년 상반기,서울4년,품질관리자,7
2015년 하반기,지방4년,시설관리자,7
2020년 하반기,서울4년,사무담당자,7
2018년 하반기,수도권4년,제품영업,7
2015년 하반기,지방4년,금융영업,7
2017년 상반기,서울4년,인사담당자,7
2015년 상반기,서울4년,구매관리자,7
2018년 상반기,서울4년,재무담당자,7
2016년 상반기,지방4년,경영·비즈니스기획,7
2015년 상반기,서울4년,시스템엔지니어,7
2016년 상반기,지방4년,화학엔지니어,7
2018년 상반기,서울4년,전기·전자엔지니어,7
2015년 상반기,서울4년,MD,7
2015년 상반기,수도권4년,앱개발자,7
2022년 상반기,대학원,R&D·연구원,7
2016년 하반기,수도권4년,경영·비즈니스기획,7
2019년 상반기,지방4년,사무담당자,7
2016년 상반기,서울4년,전기·전자엔지니어,7
2023년 상반기,서울4년,경영지원,7
2018년 하반기,지방4년,경영·비즈니스기획,7
2015년 상반기,지방4년,화학엔지니어,7
2016년 상반기,서울4년,해외영업,7
2016년 하반기,지방4년,웹개발자,7
2018년 하반기,수도권4년,해외영업,7
2017년 하반기,서울4년,해외영업,7
2022년 상반기,대학원,경영·비즈니스기획,7
2021년 상반기,지방4년,회계담당자,6
2020년 상반기,수도권4년,경영·비즈니스기획,6
2017년 하반기,서울4년,재무담당자,6
2020년 상반기,지방4년,영업지원,6
2016년 상반기,서울4년,금융영업,6
2016년 상반기,서울4년,네트워크엔지니어,6
2017년 하반기,서울4년,시스템엔지니어,6
2022년 하반기,수도권4년,R&D·연구원,6
2016년 상반기,수도권4년,금융영업,6
2017년 하반기,대학원,반도체엔지니어,6
2017년 상반기,서울4년,전기·전자엔지니어,6
2019년 상반기,서울4년,해외영업,6
2017년 하반기,지방4년,반도체엔지니어,6
2015년 하반기,지방4년,설계엔지니어,6
2016년 상반기,서울4년,현장관리자,6
2015년 하반기,지방4년,화학엔지니어,6
2020년 상반기,서울4년,경영·비즈니스기획,6
2019년 상반기,서울4년,영업지원,6
2020년 하반기,서울4년,금융영업,6
2016년 상반기,지방4년,생산직종사자,6
2017년 하반기,수도권4년,네트워크엔지니어,6
2020년 하반기,수도권4년,사무담당자,6
2015년 하반기,수도권4년,금융영업,6
2018년 하반기,대학원,화학엔지니어,6
2015년 상반기,수도권4년,제품영업,6
2018년 상반기,지방4년,제품영업,6
2021년 하반기,서울4년,품질관리자,6
2019년 하반기,지방4년,금융영업,6
2016년 하반기,대졸4년,영업지원,6
2019년 하반기,서울4년,온라인마케터,6
2016년 하반기,지방4년,자재관리자,6
2015년 하반기,서울4년,제품영업,6
2018년 상반기,지방4년,반도체엔지니어,6
2019년 하반기,서울4년,해외영업,6
2015년 하반기,서울4년,생산직종사자,6
2016년 하반기,고졸,사무담당자,6
2017년 상반기,대학원,반도체엔지니어,6
2015년 하반기,수도권4년,네트워크엔지니어,6
2018년 하반기,서울4년,회계담당자,6
2023년 상반기,서울4년,소프트웨어개발자,6
2015년 상반기,서울4년,건축기사,6
2017년 상반기,대학원,화학엔지니어,6
2018년 하반기,서울4년,해외영업,6
2016년 하반기,수도권4년,앱개발자,6
2015년 하반기,서울4년,설계엔지니어,6
2016년 하반기,서울4년,기술·전문강사,6
2016년 하반기,서울4년,건축기사,5
2016년 하반기,대학원,화학엔지니어,5
2018년 하반기,대학원,바이오·제약연구원,5
2016년 상반기,서울4년,재무담당자,5
2021년 하반기,서울4년,전기·전자엔지니어,5
2018년 상반기,해외대학,구매관리자,5
2016년 상반기,서울4년,반도체엔지니어,5
2021년 하반기,서울4년,반도체엔지니어,5
2016년 하반기,지방4년,경영·비즈니스기획,5
2016년 하반기,지방4년,금융영업,5
2017년 하반기,수도권4년,제품영업,5
2016년 하반기,서울4년,MD,5
2016년 상반기,고졸,품질관리자,5
2017년 하반기,수도권4년,영업지원,5
2016년 상반기,서울4년,시설관리자,5
2017년 하반기,서울4년,MD,5
2017년 하반기,서울4년,인사담당자,5
2016년 하반기,수도권4년,영업지원,5
2022년 상반기,서울4년,웹개발자,5
2021년 하반기,대학원,인사담당자,5
2017년 하반기,지방4년,경영·비즈니스기획,5
2021년 하반기,서울4년,기계엔지니어,5
2016년 상반기,지방4년,전기·전자엔지니어,5
2017년 상반기,대학원,사무담당자,5
2018년 하반기,서울4년,전기기사,5
2021년 하반기,수도권4년,전기기사,5
2018년 하반기,서울4년,인사담당자,5
2016년 상반기,해외대학,경영·비즈니스기획,5
2017년 상반기,고졸,전기·전자엔지니어,5
2018년 상반기,대학원,반도체엔지니어,5
2021년 하반기,대학원,기계엔지니어,5
2017년 상반기,수도권4년,제품영업,5
2018년 상반기,수도권4년,시스템엔지니어,5
2022년 상반기,지방4년,영업지원,5
2016년 하반기,대졸4년,금융영업,5
2022년 상반기,지방4년,제품영업,5
2016년 상반기,수도권4년,경영·비즈니스기획,5
2018년 상반기,지방4년,전기·전자엔지니어,5
2016년 하반기,대졸4년,자재관리자,5
2017년 하반기,지방4년,금융영업,5
2016년 하반기,서울4년,전기·전자엔지니어,5
2016년 상반기,수도권4년,기계엔지니어,5
2019년 상반기,서울4년,금융영업,5
2020년 상반기,대학원,화학엔지니어,5
2014년 하반기,수도권4년,앱개발자,5
2015년 하반기,서울4년,반도체엔지니어,5
2016년 상반기,고졸,생산직종사자,5
2015년 상반기,지방4년,사무담당자,5
2019년 상반기,지방4년,전기·전자엔지니어,5
2015년 하반기,지방4년,네트워크엔지니어,5
2019년 상반기,지방4년,환경기사,5
2020년 하반기,지방4년,토목기사,5
2021년 상반기,지방4년,사무담당자,5
2023년 상반기,서울4년,인바운드상담원,5
2015년 상반기,서울4년,해외영업,5
2019년 하반기,서울4년,회계담당자,5
2015년 상반기,서울4년,화학엔지니어,5
2021년 상반기,수도권4년,제품영업,5
2015년 상반기,수도권4년,영업지원,5
2019년 상반기,서울4년,재무담당자,5
2019년 하반기,서울4년,영업지원,5
2019년 하반기,서울4년,시스템엔지니어,5
2015년 상반기,지방4년,금융영업,5
2020년 상반기,대학원,경영·비즈니스기획,5
2020년 하반기,서울4년,웹개발자,5
2019년 상반기,서울4년,인사담당자,5
2021년 상반기,서울4년,전기·전자엔지니어,5
2015년 하반기,수도권4년,전기·전자엔지니어,5
2019년 상반기,지방4년,경영·비즈니스기획,5
2020년 하반기,고졸,전기·전자엔지니어,5
2015년 하반기,수도권4년,제품영업,5
2021년 상반기,서울4년,화학엔지니어,5
2015년 하반기,수도권4년,화학엔지니어,5
2020년 상반기,지방4년,경영·비즈니스기획,5

Combination: ('년도 및 분기', '과', '지원 직종')
년도 및 분기,과,지원 직종,count
2015년 하반기,컴퓨터공학,앱개발자,31
2020년 상반기,행정학과,사무담당자,20
2017년 하반기,0,전기·전자엔지니어,19
2019년 하반기,전기전자,전기기사,19
2018년 상반기,경영학과,사무담당자,17
2015년 하반기,컴퓨터공학부,앱개발자,17
2017년 하반기,전자공학,전기·전자엔지니어,16
2022년 하반기,경제학과,회계담당자,16
2018년 하반기,0,전기·전자엔지니어,15
2015년 하반기,컴퓨터공학,기술·전문강사,15
2015년 하반기,기계공학과,기계엔지니어,14
2016년 상반기,0,회계담당자,14
2016년 하반기,소프트웨어공학과,웹개발자,13
2020년 하반기,경영학부,재무담당자,13
2016년 상반기,0,사무담당자,12
2016년 하반기,경영학과,인사담당자,12
2016년 상반기,경제학과,사무담당자,12
2015년 상반기,기계공학과,기계엔지니어,12
2015년 하반기,컴퓨터학부,앱개발자,12
2015년 하반기,컴퓨터공학과,웹개발자,11
2017년 하반기,휴먼ICT융합학과,앱개발자,11
2019년 하반기,영어영문학,인사담당자,11
2015년 하반기,화학공학,품질관리자,11
2017년 하반기,국제물류학과,자재관리자,11
2016년 하반기,컴퓨터학부,앱개발자,10
2018년 상반기,법학과,사무담당자,10
2018년 상반기,경영학과,제품영업,10
2023년 상반기,공공인재학부,경영·비즈니스기획,10
2023년 상반기,공공인재학부,재무담당자,10
2017년 하반기,경영학,영업지원,9
2016년 상반기,컴퓨터공학,앱개발자,9
2022년 상반기,중국어교육전공,인사담당자,9
2015년 하반기,컴퓨터공학과,앱개발자,9
2015년 하반기,컴퓨터학부,시스템엔지니어,9
2015년 하반기,경제학과,영업지원,9
2016년 상반기,컴퓨터학부,시스템엔지니어,9
2016년 상반기,식품생명공학과,화학엔지니어,8
2015년 상반기,경영학과,사무담당자,8
2018년 상반기,0,전기·전자엔지니어,8
2017년 하반기,국어국문,경영·비즈니스기획,8
2017년 하반기,전자공학,품질관리자,8
2016년 하반기,컴퓨터공학과,웹개발자,8
2017년 상반기,경제,사무담당자,8
2016년 상반기,0,금융영업,8
2023년 상반기,컴퓨터소프트웨어공학과,백엔드개발자,8
2016년 하반기,기계설계공학과,품질관리자,8
2016년 하반기,컴퓨터소프트웨어공학전공,앱개발자,8
2017년 하반기,화학공학,품질관리자,8
2023년 상반기,경영학과,인사담당자,8
2016년 하반기,정보통신전자공,네트워크엔지니어,8
2015년 하반기,경영학과,금융영업,8
2016년 상반기,컴퓨터공학부,시스템엔지니어,8
2017년 상반기,법,제품영업,8
2016년 상반기,환경공학과,화학엔지니어,8
2021년 하반기,0,기계엔지니어,8
2020년 상반기,경영학과 마케팅경영전공,사무담당자,8
2016년 상반기,기계공학,기계엔지니어,8
2018년 하반기,행정학과,사무담당자,8
2018년 상반기,경영학과,경영·비즈니스기획,8
2016년 상반기,0,전기·전자엔지니어,8
2015년 하반기,경제금융,영업지원,8
2016년 하반기,도시공학과/국제물류학과,자재관리자,7
2019년 상반기,전기전자,전기·전자엔지니어,7
2016년 하반기,기계설계공학과,기계엔지니어,7
2021년 상반기,무역학과,제품영업,7
2015년 하반기,컴퓨터공학,시스템엔지니어,7
2017년 하반기,노인복지보건,사무담당자,7
2021년 하반기,컴퓨터공학과,웹개발자,7
2022년 상반기,산업공학과,품질관리자,7
2015년 상반기,컴퓨터공학과,앱개발자,7
2017년 하반기,경영학과,사무담당자,7
2022년 하반기,생명과학부,품질관리자,7
2016년 상반기,경영학부,제품영업,7
2023년 상반기,경영학과,경영지원,7
2018년 상반기,기계공학과,반도체엔지니어,7
2015년 하반기,컴퓨터공학과,시스템엔지니어,7
2016년 상반기,컴퓨터공학부,앱개발자,7
2017년 상반기,회계세무학과,재무담당자,7
2017년 상반기,회계세무학과,회계담당자,7
2021년 상반기,경영학과,회계담당자,7
2016년 하반기,경영학과,사무담당자,7
2015년 하반기,컴퓨터공학부,시스템엔지니어,7
2016년 상반기,화학공학,품질관리자,7
2018년 상반기,행정학과,사무담당자,7
2017년 하반기,산업시스템공학과,앱개발자,7
2016년 하반기,환경공학과/화학공학(복수전공),화학엔지니어,7
2015년 상반기,경영학과,제품영업,7
2018년 하반기,e-비즈니스과,해외영업,7
2015년 하반기,기계공학과,생산직종사자,7
2015년 하반기,안전공학과,시설관리자,7
2015년 하반기,경제학부,영업지원,7
2022년 상반기,경제학과,재무담당자,7
2022년 상반기,국제의료경영학과,R&D·연구원,6
2022년 상반기,국제의료경영학과,경영·비즈니스기획,6
2017년 하반기,사이버보안학과,네트워크엔지니어,6
2016년 하반기,건축학과,현장관리자,6
2018년 하반기,산업경영공학과,품질관리자,6
2017년 하반기,국어국문,온라인마케터,6
2016년 하반기,0,사무담당자,6
2015년 하반기,컴퓨터공학부,웹개발자,6
2019년 상반기,화학공학/고분자공학부,화학엔지니어,6
2019년 상반기,경영학부,제품영업,6
2017년 하반기,산업시스템공학과,시스템엔지니어,6
2018년 하반기,법,사무담당자,6
2015년 하반기,화학공학부,품질관리자,6
2017년 상반기,생물공학,화학엔지니어,6
2015년 하반기,경제학과,MD,6
2017년 하반기,전기생체공학부,전기·전자엔지니어,6
2015년 상반기,화학공학과,품질관리자,6
2018년 상반기,전기전자,전기·전자엔지니어,6
2015년 하반기,전자전기컴퓨터,전기·전자엔지니어,6
2017년 상반기,한국사학과,영업지원,6
2017년 상반기,전자컴퓨터통신공,기술·전문강사,6
2021년 하반기,기계공학과,설계엔지니어,6
2015년 하반기,기계공학과,품질관리자,6
2016년 하반기,국제통상학과,제품영업,6
2018년 하반기,정보통신공학과,네트워크엔지니어,6
2015년 하반기,메카트로닉스공학과,품질관리자,6
2017년 하반기,회계세무학과,재무담당자,6
2015년 하반기,화공생명공학과,품질관리자,6
2023년 상반기,영어영문학,소프트웨어개발자,6
2016년 상반기,경영,영업지원,6
2022년 하반기,공공인재학부,경영·비즈니스기획,6
2018년 하반기,경영학,영업지원,6
2015년 하반기,식품생명공학과,화학엔지니어,6
2017년 상반기,노인복지보건,사무담당자,6
2018년 하반기,관광경영,제품영업,6
2017년 하반기,전기전자,전기·전자엔지니어,6
2015년 하반기,화학공학과,품질관리자,6
2019년 하반기,응용화학생명공학과,품질관리자,6
2022년 하반기,컨벤션호텔경영학과,사무담당자,6
2016년 하반기,정보시스템,기술·전문강사,6
2022년 하반기,신소재 공학,R&D·연구원,5
2017년 상반기,정보통신전자공학부,앱개발자,5
2019년 하반기,경영학부,금융영업,5
2017년 상반기,컴퓨터학부,앱개발자,5
2020년 하반기,경영학부,금융영업,5
2023년 상반기,경영대학 경영학과,인바운드상담원,5
2018년 하반기,환경보건학과,바이오·제약연구원,5
2017년 상반기,전자공학,전기·전자엔지니어,5
2017년 상반기,산업경영공학과,품질관리자,5
2019년 하반기,독어독문학과,해외영업,5
2017년 하반기,경제학과,제품영업,5
2021년 상반기,화학과,품질관리자,5
2016년 하반기,영어통번역학과,제품영업,5
2016년 상반기,0,생산직종사자,5
2017년 하반기,경영학부,사무담당자,5
2015년 하반기,미디어학부,온라인마케터,5
2015년 하반기,무역학,영업지원,5
2016년 하반기,식품자원경제학,자재관리자,5
2017년 상반기,산업공학,품질관리자,5
2016년 상반기,0,품질관리자,5
2017년 하반기,금융학과,금융영업,5
2017년 하반기,전기공학과,품질관리자,5
2019년 상반기,전자공학,전기·전자엔지니어,5
2020년 하반기,0,전기·전자엔지니어,5
2015년 하반기,컴퓨터소프트웨어,앱개발자,5
2021년 하반기,화공생명공학과,바이오·제약연구원,5
2017년 상반기,기계설계공학과,기계엔지니어,5
2019년 하반기,회계학과,회계담당자,5
2016년 상반기,경제통상학부,사무담당자,5
2022년 상반기,수학과,영업지원,5
2016년 하반기,경영,제품영업,5
2017년 상반기,경제학과,제품영업,5
2019년 상반기,신소재화학과,환경기사,5
2017년 상반기,경제학과,경영·비즈니스기획,5
2017년 상반기,경제,경영·비즈니스기획,5
2017년 상반기,0,전기·전자엔지니어,5
2017년 하반기,환경공학과,품질관리자,5
2016년 하반기,국제통상학부,사무담당자,5
2022년 상반기,컴퓨터공학과,웹개발자,5
2021년 하반기,산업환경보건학과,전기기사,5
2021년 상반기,경영학과,재무담당자,5
2021년 상반기,전기공학과,전기·전자엔지니어,5
2019년 상반기,역사콘텐츠학과,사무담당자,5
2021년 하반기,경영학과,재무담당자,5
2018년 하반기,법,제품영업,5
2018년 하반기,무역학과,경영·비즈니스기획,5
2016년 상반기,경영학과,인사담당자,5
2016년 하반기,건축공학부,건축기사,5
2016년 상반기,금융경제,영업지원,5
2016년 하반기,경제학과,제품영업,5
2016년 하반기,정보통신전자공,시스템엔지니어,5
2020년 상반기,경영학부,경영·비즈니스기획,5
2016년 하반기,화학공학,품질관리자,5
2015년 상반기,경영학과,재무담당자,5
2018년 상반기,상경학부,구매관리자,5
2021년 하반기,기계공학과,기계엔지니어,5
2018년 상반기,노인복지보건,사무담당자,5
2016년 하반기,경제학과,사무담당자,5

Combination: ('회사명', '학력', '과')
회사명,학력,과,count
삼성전자㈜,고졸,0,17
한국지역난방공사,고졸,0,14
한전KPS(주),고졸,0,11
포스코홀딩스,고졸,0,10
한국전력공사,고졸,0,9
한국가스공사,고졸,0,8
국민건강보험공단,고졸,0,8
한국철도공사,고졸,0,7
삼성화재해상보험,고졸,0,7
한국중부발전(주),고졸,0,6
한국서부발전(주),고졸,0,6
한국동서발전(주),고졸,0,6
GS리테일,지방4년,경영학부,6
서울시설공단,고졸,0,6
삼성전자㈜,지방4년,전자공학과,5
삼성전자㈜,서울4년,전기생체공학부,5
현대모비스㈜,서울4년,경영학과,5
근로복지공단,고졸,0,5
삼성전자㈜,지방4년,전자공학부,5
SK하이닉스(주),지방4년,전자공학부,5
현대자동차㈜,서울4년,경영학과,5
한국전력공사,지방4년,전자공학,5
예금보험공사,고졸,0,5
엘지전자㈜,서울4년,기계공학과,5
한국중부발전(주),지방4년,전자공학,5

Combination: ('회사명', '학력', '지원 직종')
회사명,학력,지원 직종,count
GS리테일,서울4년,영업지원,28
삼성전자㈜,서울4년,반도체엔지니어,20
GS리테일,지방4년,영업지원,18
삼성전자㈜,수도권4년,반도체엔지니어,15
GS리테일,수도권4년,영업지원,15
한국전력공사,서울4년,사무담당자,15
CJ대한통운(주),지방4년,자재관리자,13
NH농협은행,지방4년,금융영업,12
삼성전자㈜,지방4년,반도체엔지니어,11
엘지전자㈜,서울4년,전기·전자엔지니어,11
중소기업은행,서울4년,금융영업,11
현대카드,서울4년,경영·비즈니스기획,10
국민건강보험공단,지방4년,사무담당자,10
SK하이닉스(주),서울4년,반도체엔지니어,10
SK하이닉스(주),수도권4년,품질관리자,10
현대글로비스(주),서울4년,자재관리자,10
포스코홀딩스,지방4년,품질관리자,9
한국토지주택공사,서울4년,사무담당자,9
삼성전자㈜,대학원,반도체엔지니어,9
SK하이닉스(주),지방4년,품질관리자,9
한국전력공사,지방4년,전기·전자엔지니어,9
신한은행,서울4년,금융영업,8
㈜BGF리테일,서울4년,영업지원,8
한전KPS(주),고졸,전기·전자엔지니어,8
CJ제일제당(주),서울4년,품질관리자,8
삼성전자㈜,서울4년,전기·전자엔지니어,7
GS리테일,수도권4년,제품영업,7
GS리테일,서울4년,제품영업,7
근로복지공단,지방4년,사무담당자,7
현대자동차㈜,서울4년,기계엔지니어,7
한국수자원공사,서울4년,사무담당자,7
한국철도공사,서울4년,사무담당자,7
SK하이닉스(주),대학원,반도체엔지니어,7
(주)LG화학,서울4년,품질관리자,7
씨제이올리브네트웍스㈜,서울4년,앱개발자,7
삼성전자㈜,서울4년,앱개발자,7
현대모비스㈜,서울4년,기계엔지니어,7
한국전력공사,지방4년,사무담당자,7
SK하이닉스(주),수도권4년,반도체엔지니어,6
코리아세븐,서울4년,영업지원,6
GS리테일,지방4년,제품영업,6
한국철도공사,지방4년,사무담당자,6
㈜국민은행,서울4년,금융영업,6
한국산업인력공단,지방4년,사무담당자,6
한국중부발전(주),지방4년,전기·전자엔지니어,6
엘지디스플레이,수도권4년,품질관리자,6
한국철도공사,수도권4년,사무담당자,6
㈜우리은행,서울4년,금융영업,6
현대자동차㈜,지방4년,품질관리자,6
삼성전자㈜,지방4년,앱개발자,6
삼성전자㈜,지방4년,생산직종사자,6
CJ제일제당(주),수도권4년,품질관리자,6
㈜KT,서울4년,네트워크엔지니어,6
삼성전자㈜,서울4년,제품영업,6
삼성디스플레이(주),서울4년,반도체엔지니어,6
롯데IT테크(주),서울4년,앱개발자,6
CJ대한통운(주),서울4년,자재관리자,6
한샘,지방4년,제품영업,6
한국전력공사,고졸,전기·전자엔지니어,6
CJ제일제당(주),서울4년,영업지원,6
현대모비스㈜,지방4년,품질관리자,5
엘지디스플레이,서울4년,반도체엔지니어,5
포스코홀딩스,고졸,생산직종사자,5
엘지디스플레이,지방4년,반도체엔지니어,5
엘지전자㈜,서울4년,영업지원,5
현대자동차㈜,수도권4년,품질관리자,5
엘지전자㈜,서울4년,제품영업,5
㈜효성,수도권4년,품질관리자,5
현대제철주식회사,지방4년,품질관리자,5
현대자동차㈜,수도권4년,기계엔지니어,5
삼성전자㈜,지방4년,품질관리자,5
삼성전자㈜,대학원,생산직종사자,5
현대오토에버㈜,서울4년,앱개발자,5
현대글로비스(주),수도권4년,자재관리자,5
삼성전자㈜,수도권4년,품질관리자,5
SK하이닉스(주),지방4년,반도체엔지니어,5
삼성전자㈜,수도권4년,시스템엔지니어,5
현대자동차㈜,지방4년,기계엔지니어,5
현대위아(주),지방4년,품질관리자,5
㈜BGF리테일,지방4년,영업지원,5
㈜BGF리테일,수도권4년,영업지원,5
㈜KT,지방4년,영업지원,5
한국가스공사,고졸,전기·전자엔지니어,5
CJ제일제당(주),서울4년,제품영업,5
도로교통공단,지방4년,사무담당자,5
한국서부발전(주),고졸,전기·전자엔지니어,5
국민연금공단,지방4년,사무담당자,5
(주)한진,지방4년,자재관리자,5
㈜우리은행,지방4년,금융영업,5
서울교통공사,서울4년,사무담당자,5
에프알엘코리아,서울4년,영업지원,5
GS리테일,수도권4년,자재관리자,5
(주)아모레퍼시픽,서울4년,영업지원,5
한국산업기술진흥원,서울4년,사무담당자,5
한샘,서울4년,영업지원,5
새마을금고중앙회,수도권4년,금융영업,5
코리아세븐,지방4년,영업지원,5
CJ대한통운(주),수도권4년,자재관리자,5
NH농협은행,서울4년,금융영업,5
금호석유화학(주),수도권4년,품질관리자,5

Combination: ('회사명', '과', '지원 직종')
회사명,과,지원 직종,count
한전KPS(주),0,전기·전자엔지니어,8
한국전력공사,0,전기·전자엔지니어,6
현대자동차㈜,기계공학과,기계엔지니어,6
한국가스공사,0,전기·전자엔지니어,5
롯데IT테크(주),컴퓨터학부,앱개발자,5
한국중부발전(주),전자공학,전기·전자엔지니어,5
GS리테일,경영학과,영업지원,5
삼성전자㈜,전자공학부,반도체엔지니어,5
한국전력공사,전자공학,전기·전자엔지니어,5
한국동서발전(주),전자공학,전기·전자엔지니어,5
포스코홀딩스,0,생산직종사자,5
삼성전자㈜,기계공학과,반도체엔지니어,5
SK하이닉스(주),전자공학과,반도체엔지니어,5
한국서부발전(주),0,전기·전자엔지니어,5

Combination: ('학력', '과', '지원 직종')
학력,과,지원 직종,count
고졸,0,전기·전자엔지니어,67
지방4년,전자공학,전기·전자엔지니어,31
고졸,0,사무담당자,30
서울4년,경영학과,인사담당자,27
지방4년,행정학과,사무담당자,25
서울4년,전기전자,전기기사,25
서울4년,경영학부,재무담당자,24
서울4년,행정학과,사무담당자,22
고졸,0,회계담당자,22
대학원,경영학과,사무담당자,21
수도권4년,화학공학,품질관리자,21
서울4년,전기전자,전기·전자엔지니어,21
서울4년,경영학과,경영·비즈니스기획,21
서울4년,경영계열,경영·비즈니스기획,20
서울4년,컴퓨터공학과,웹개발자,19
지방4년,노인복지보건,사무담당자,19
고졸,0,생산직종사자,19
지방4년,컴퓨터공학,앱개발자,18
지방4년,기계공학과,기계엔지니어,18
서울4년,법,제품영업,18
서울4년,경영학과,사무담당자,18
서울4년,전기생체공학부,전기·전자엔지니어,18
수도권4년,산업경영공학과,품질관리자,18
서울4년,회계세무학과,재무담당자,18
서울4년,컴퓨터공학부,시스템엔지니어,18
서울4년,공공인재학부,경영·비즈니스기획,17
서울4년,컴퓨터공학,기술·전문강사,17
고졸,0,기계엔지니어,17
지방4년,기계설계공학과,기계엔지니어,17
수도권4년,경제학과,회계담당자,17
서울4년,컴퓨터공학부,앱개발자,17
서울4년,컴퓨터학부,시스템엔지니어,16
서울4년,컴퓨터공학과,앱개발자,16
대학원,중국어교육전공,인사담당자,15
서울4년,경영학과,제품영업,15
지방4년,컴퓨터학부,앱개발자,15
서울4년,경영학과,경영지원,15
대학원,국제의료경영학과,경영·비즈니스기획,15
수도권4년,경제학과,재무담당자,15
서울4년,법학과,사무담당자,15
수도권4년,화학공학과,품질관리자,15
지방4년,경영학과,제품영업,14
고졸,0,금융영업,14
서울4년,경영학과,온라인마케터,14
수도권4년,경영학과,사무담당자,14
서울4년,경영학과,금융영업,14
서울4년,경제,사무담당자,14
고졸,0,전기기사,14
수도권4년,경제학과,제품영업,14
서울4년,식품생명공학과,화학엔지니어,14
서울4년,경영학과,재무담당자,14
지방4년,기계설계공학과,품질관리자,13
서울4년,기계공학과,기계엔지니어,13
수도권4년,컴퓨터공학과,시스템엔지니어,13
서울4년,경영학부,경영·비즈니스기획,13
서울4년,컴퓨터학부,앱개발자,13
서울4년,국제물류학과,자재관리자,13
수도권4년,경영학과 마케팅경영전공,사무담당자,13
서울4년,경제학과,사무담당자,13
수도권4년,기계공학과,기계엔지니어,13
고졸,0,품질관리자,12
서울4년,경영학부,금융영업,12
수도권4년,전자공학,품질관리자,12
지방4년,산업공학과,품질관리자,12
지방4년,컴퓨터공학과,웹개발자,12
지방4년,안전공학과,시설관리자,12
서울4년,영어영문학,인사담당자,11
서울4년,산업시스템공학과,앱개발자,11
서울4년,건축공학부,건축기사,11
서울4년,공공인재학부,재무담당자,11
서울4년,회계세무학과,회계담당자,11
대학원,휴먼ICT융합학과,앱개발자,11
지방4년,전자공학부,반도체엔지니어,11
서울4년,도시공학과/국제물류학과,자재관리자,11
서울4년,기계공학,기계엔지니어,11
서울4년,기계공학과,설계엔지니어,11
지방4년,기계공학과,품질관리자,11
지방4년,경제학과,사무담당자,11
서울4년,영어교육학과,영업지원,10
지방4년,환경공학과,화학엔지니어,10
수도권4년,전자공학과,백엔드개발자,10
서울4년,회계세무학과,사무담당자,10
서울4년,무역학과,제품영업,10
수도권4년,컴퓨터공학과,웹개발자,10
수도권4년,관광경영,제품영업,10
서울4년,영어영문학과,사무담당자,10
서울4년,경영학,영업지원,10
대졸4년,컴퓨터공학,앱개발자,10
대학원,반도체&디스플레이과학경영학과,화학엔지니어,10
수도권4년,컴퓨터공학부,앱개발자,10
수도권4년,응용화학생명공학과,품질관리자,10
서울4년,경제,경영·비즈니스기획,10
서울4년,경영학부,제품영업,10
수도권4년,경영학과,영업지원,10
수도권4년,전자공학,전기·전자엔지니어,9
서울4년,경제학부,영업지원,9
지방4년,경영학부,금융영업,9
서울4년,경제학과,영업지원,9
서울4년,경영학과,회계담당자,9
서울4년,경제학과,제품영업,9
지방4년,무역학,영업지원,9
지방4년,노인복지보건학과,사무담당자,9
서울4년,화공생명공학과,품질관리자,9
지방4년,컴퓨터소프트웨어공학과,백엔드개발자,9
지방4년,컴퓨터소프트웨어공학전공,앱개발자,9
대졸4년,소프트웨어공학과,웹개발자,9
서울4년,법,사무담당자,9
서울4년,경영,영업지원,9
지방4년,화학공학부,품질관리자,8
지방4년,경영학과,사무담당자,8
서울4년,국어국문,온라인마케터,8
수도권4년,법학과,사무담당자,8
서울4년,경제학과,경영·비즈니스기획,8
서울4년,국어국문,경영·비즈니스기획,8
지방4년,경제금융,영업지원,8
대학원,화학공학,화학엔지니어,8
서울4년,컴퓨터공학,앱개발자,8
대학원,전자컴퓨터통신공,기술·전문강사,8
대학원,국제의료경영학과,R&D·연구원,8
서울4년,식품영양학과,품질관리자,8
서울4년,응용통계학과,머신러닝엔지니어,8
수도권4년,산업경제학과,사무담당자,8
수도권4년,산업환경보건학과,전기기사,8
대학원,중국어교육전공,해외영업,8
서울4년,법,인사담당자,8
서울4년,경제학부,인사담당자,8
서울4년,역사콘텐츠학과,사무담당자,8
수도권4년,e-비즈니스과,해외영업,8
지방4년,경제통상학부,사무담당자,8
수도권4년,정보통신전자공,네트워크엔지니어,8
수도권4년,컴퓨터공학,앱개발자,7
수도권4년,화학과,품질관리자,7
대학원,화공생명공학과,바이오·제약연구원,7
서울4년,국제통상학과,영업지원,7
수도권4년,정보통신공학,시스템엔지니어,7
지방4년,경영학과,경영·비즈니스기획,7
지방4년,기계공학과,설비엔지니어,7
수도권4년,산업경영공학과,시스템엔지니어,7
서울4년,건축공학과,현장관리자,7
서울4년,환경공학과/화학공학(복수전공),화학엔지니어,7
서울4년,정보통신전자공학부,앱개발자,7
서울4년,생명과학부,품질관리자,7
서울4년,영어영문학,소프트웨어개발자,7
대학원,기계공학과,기계엔지니어,7
서울4년,법,영업지원,7
지방4년,발명특허,제품영업,7
지방4년,섬유시스템공학과,품질관리자,7
수도권4년,기계공학과,품질관리자,7
서울4년,영어교육학과,해외영업,7
서울4년,화학생명공학,화학엔지니어,7
서울4년,경제학과,재무담당자,7
지방4년,경영학과,영업지원,7
대학원,화학공학,품질관리자,7
수도권4년,경영학부,해외영업,7
수도권4년,경영학,영업지원,7
서울4년,체육학과/경영학과,영업지원,7
서울4년,경영학부,영업지원,7
수도권4년,통계학,제품영업,7
서울4년,환경공학과,품질관리자,7
대졸4년,무역학과,경영·비즈니스기획,7
서울4년,전자공학과,전기·전자엔지니어,7
수도권4년,전자공학과,전기·전자엔지니어,7
대학원,생물공학,화학엔지니어,7
서울4년,정보시스템,기술·전문강사,6
서울4년,건축학과,현장관리자,6
고졸,0,제품영업,6
지방4년,응용화학공학과,품질관리자,6
수도권4년,컴퓨터공학과,앱개발자,6
지방4년,컴퓨터학부,기술·전문강사,6
지방4년,컴퓨터학부,시스템엔지니어,6
지방4년,경제학과,경영·비즈니스기획,6
서울4년,국어국문,제품영업,6
서울4년,행정학과,영업지원,6
대학원,전자공학과,반도체엔지니어,6
고졸,0,경영·비즈니스기획,6
서울4년,국제통상학과,제품영업,6
서울4년,화학공학,품질관리자,6
지방4년,컴퓨터공학부,앱개발자,6
서울4년,화학공학/고분자공학부,화학엔지니어,6
해외대학,회계,경영·비즈니스기획,6
서울4년,글로벌경영학과,재무담당자,6
지방4년,고분자공학과,품질관리자,6
서울4년,전자전기컴퓨터,전기·전자엔지니어,6
서울4년,금융경제,영업지원,6
서울4년,산업시스템공학과,시스템엔지니어,6
수도권4년,경영학과,재무담당자,6
지방4년,화학공학,품질관리자,6
지방4년,경영학부,제품영업,6
서울4년,전기생체공학부,품질관리자,6
지방4년,국제통상학부,사무담당자,6
서울4년,한국사학과,영업지원,6
수도권4년,기계공학과,반도체엔지니어,6
지방4년,경영학과,회계담당자,6
수도권4년,전자통신공학과,반도체엔지니어,6
서울4년,법학,자재관리자,6
서울4년,독어독문학과,해외영업,6
수도권4년,응용화학생명공학과,화학엔지니어,6
서울4년,경제학과,MD,6
지방4년,기계공학과,생산직종사자,6
지방4년,독어독문학과,영업지원,6
지방4년,메카트로닉스공학과,품질관리자,6
지방4년,조선해양공학과,품질관리자,6
서울4년,영어통번역학과,제품영업,6
지방4년,도시계획부동산,사무담당자,6
해외대학,상경학부,구매관리자,6
수도권4년,사이버보안학과,네트워크엔지니어,6
서울4년,경영학과,해외영업,6
서울4년,경영학,경영·비즈니스기획,6
서울4년,시각디자인학과,그래픽디자이너,6
지방4년,물류시스템공학과,자재관리자,6
대학원,국제의료경영학과,바이오·제약연구원,6
서울4년,경제,영업지원,6
대학원,경영학부,사무담당자,6
지방4년,전자공학부,전기·전자엔지니어,6
서울4년,정보통신공학과,네트워크엔지니어,6
수도권4년,컴퓨터공학부,웹개발자,5
서울4년,화학공학과,품질관리자,5
서울4년,경영학,온라인마케터,5
서울4년,금융학과,금융영업,5
서울4년,경제학과,금융영업,5
서울4년,경영학,금융영업,5
서울4년,미디어학부,온라인마케터,5
수도권4년,기계공학과,설치·수리기사,5
서울4년,글로벌금융전공,금융영업,5
대학원,신소재 공학,반도체엔지니어,5
지방4년,중어중문학과,사무담당자,5
지방4년,행정학과,사무보조,5
지방4년,경제금융,금융영업,5
지방4년,도시계획부동산,건축기사,5
서울4년,법학,영업지원,5
지방4년,컴퓨터공학부,웹개발자,5
서울4년,시스템경영공학과,품질관리자,5
서울4년,한문학과,사무담당자,5
대학원,전파정보통신공학과,전기·전자엔지니어,5
지방4년,사학과,영업지원,5
수도권4년,산업경영공학과,자재관리자,5
서울4년,경제,재무담당자,5
수도권4년,신소재 공학,R&D·연구원,5
서울4년,식품자원경제학,자재관리자,5
서울4년,경영학과,영업지원,5
서울4년,국제통상학과,자재관리자,5
수도권4년,법학과,영업지원,5
서울4년,글로벌경영,영업지원,5
지방4년,수학과,영업지원,5
서울4년,글로벌경영,제품영업,5
지방4년,도시계획부동산,사무보조,5
대학원,저널리즘학과,기자,5
서울4년,경영,제품영업,5
대졸4년,인문학부,앱개발자,5
수도권4년,경제학과,영업지원,5
지방4년,경영학부,영업지원,5
수도권4년,경제학과,경영·비즈니스기획,5
수도권4년,정보통신공학,앱개발자,5
대학원,물리학과,반도체엔지니어,5
서울4년,경영계열,사무담당자,5
서울4년,회계학과,회계담당자,5
서울4년,영어영문학,경영·비즈니스기획,5
서울4년,자동차IT융합학과,기계엔지니어,5
서울4년,경영학부,사무담당자,5
지방4년,컴퓨터공학,웹개발자,5
지방4년,신소재화학과,환경기사,5
서울4년,소프트웨어공학과,웹개발자,5
서울4년,컴퓨터소프트웨어,앱개발자,5
서울4년,전기공학과,전기·전자엔지니어,5
지방4년,전자공학부,품질관리자,5
지방4년,경영학부,사무담당자,5
대졸4년,컴퓨터학부,앱개발자,5
수도권4년,건축공학과,현장관리자,5
서울4년,경영대학 경영학과,인바운드상담원,5
지방4년,기계설계공학과,생산직종사자,5
대학원,산업공학,품질관리자,5
서울4년,전기생체공학부,현장관리자,5
수도권4년,컴퓨터공학과,제품영업,5
서울4년,영어영문학,금융영업,5
서울4년,경영,금융영업,5
서울4년,영어영문학,사무담당자,5
대학원,금융보험학과,사무담당자,5
서울4년,경제학과,해외영업,5
서울4년,기계공학과,생산직종사자,5
수도권4년,국제통상,자재관리자,5
대학원,환경보건학과,바이오·제약연구원,5
수도권4년,전자공학과,품질관리자,5
수도권4년,정보통신전자공,시스템엔지니어,5

Combination: ('년도 및 분기', '회사명', '학력', '과')
년도 및 분기,회사명,학력,과,count
2016년 상반기,한국지역난방공사,고졸,0,8
2016년 상반기,삼성전자㈜,고졸,0,6
2016년 상반기,삼성화재해상보험,고졸,0,6

Combination: ('년도 및 분기', '회사명', '학력', '지원 직종')
년도 및 분기,회사명,학력,지원 직종,count
2016년 상반기,GS리테일,서울4년,영업지원,8
2018년 상반기,삼성전자㈜,수도권4년,반도체엔지니어,6
2015년 하반기,GS리테일,서울4년,영업지원,6
2018년 상반기,삼성전자㈜,서울4년,반도체엔지니어,5
2016년 하반기,현대글로비스(주),서울4년,자재관리자,5
2016년 상반기,GS리테일,지방4년,제품영업,5

Combination: ('년도 및 분기', '학력', '과', '지원 직종')
년도 및 분기,학력,과,지원 직종,count
2020년 상반기,지방4년,행정학과,사무담당자,20
2017년 하반기,고졸,0,전기·전자엔지니어,19
2019년 하반기,서울4년,전기전자,전기기사,19
2022년 하반기,수도권4년,경제학과,회계담당자,16
2018년 하반기,고졸,0,전기·전자엔지니어,15
2015년 하반기,서울4년,컴퓨터공학,기술·전문강사,15
2016년 상반기,고졸,0,회계담당자,14
2018년 상반기,대학원,경영학과,사무담당자,14
2020년 하반기,서울4년,경영학부,재무담당자,13
2016년 하반기,서울4년,경영학과,인사담당자,12
2016년 상반기,고졸,0,사무담당자,12
2019년 하반기,서울4년,영어영문학,인사담당자,11
2017년 하반기,대학원,휴먼ICT융합학과,앱개발자,11
2015년 하반기,수도권4년,화학공학,품질관리자,11
2017년 하반기,서울4년,국제물류학과,자재관리자,11
2023년 상반기,서울4년,공공인재학부,경영·비즈니스기획,10
2018년 상반기,서울4년,법학과,사무담당자,10
2023년 상반기,서울4년,공공인재학부,재무담당자,10
2016년 상반기,지방4년,컴퓨터공학,앱개발자,9
2022년 상반기,대학원,중국어교육전공,인사담당자,9
2023년 상반기,지방4년,컴퓨터소프트웨어공학과,백엔드개발자,8
2015년 하반기,대졸4년,컴퓨터공학,앱개발자,8
2017년 하반기,수도권4년,전자공학,전기·전자엔지니어,8
2017년 하반기,서울4년,국어국문,경영·비즈니스기획,8
2020년 상반기,수도권4년,경영학과 마케팅경영전공,사무담당자,8
2018년 하반기,서울4년,행정학과,사무담당자,8
2021년 하반기,고졸,0,기계엔지니어,8
2016년 하반기,수도권4년,정보통신전자공,네트워크엔지니어,8
2017년 상반기,서울4년,경제,사무담당자,8
2015년 하반기,서울4년,컴퓨터공학,앱개발자,8
2017년 상반기,서울4년,법,제품영업,8
2016년 상반기,고졸,0,금융영업,8
2016년 하반기,지방4년,기계설계공학과,품질관리자,8
2016년 상반기,고졸,0,전기·전자엔지니어,8
2016년 하반기,지방4년,컴퓨터소프트웨어공학전공,앱개발자,8
2016년 상반기,서울4년,컴퓨터공학부,시스템엔지니어,8
2017년 하반기,서울4년,경영학,영업지원,8
2023년 상반기,서울4년,경영학과,인사담당자,8
2017년 하반기,지방4년,전자공학,전기·전자엔지니어,8
2015년 하반기,수도권4년,컴퓨터공학부,앱개발자,8
2015년 하반기,지방4년,기계공학과,기계엔지니어,8
2015년 하반기,지방4년,경제금융,영업지원,8
2018년 상반기,고졸,0,전기·전자엔지니어,8
2016년 상반기,서울4년,식품생명공학과,화학엔지니어,8
2017년 상반기,서울4년,회계세무학과,재무담당자,7
2017년 상반기,서울4년,회계세무학과,회계담당자,7
2021년 상반기,서울4년,무역학과,제품영업,7
2016년 하반기,서울4년,환경공학과/화학공학(복수전공),화학엔지니어,7
2023년 상반기,서울4년,경영학과,경영지원,7
2021년 하반기,서울4년,컴퓨터공학과,웹개발자,7
2016년 하반기,대졸4년,소프트웨어공학과,웹개발자,7
2015년 하반기,수도권4년,컴퓨터공학,앱개발자,7
2022년 상반기,지방4년,산업공학과,품질관리자,7
2015년 하반기,서울4년,경영학과,금융영업,7
2017년 하반기,수도권4년,전자공학,품질관리자,7
2018년 상반기,서울4년,행정학과,사무담당자,7
2016년 상반기,서울4년,컴퓨터공학부,앱개발자,7
2015년 하반기,서울4년,컴퓨터학부,시스템엔지니어,7
2016년 하반기,서울4년,도시공학과/국제물류학과,자재관리자,7
2019년 상반기,서울4년,전기전자,전기·전자엔지니어,7
2017년 하반기,서울4년,산업시스템공학과,앱개발자,7
2016년 하반기,지방4년,기계설계공학과,기계엔지니어,7
2022년 하반기,서울4년,생명과학부,품질관리자,7
2015년 하반기,서울4년,컴퓨터공학부,시스템엔지니어,7
2016년 상반기,서울4년,컴퓨터학부,시스템엔지니어,7
2022년 상반기,수도권4년,경제학과,재무담당자,7
2015년 하반기,지방4년,안전공학과,시설관리자,7
2018년 하반기,수도권4년,e-비즈니스과,해외영업,7
2016년 상반기,지방4년,경제학과,사무담당자,7
2017년 하반기,서울4년,전기전자,전기·전자엔지니어,6
2017년 하반기,서울4년,전기생체공학부,전기·전자엔지니어,6
2015년 하반기,서울4년,화공생명공학과,품질관리자,6
2017년 상반기,서울4년,한국사학과,영업지원,6
2022년 상반기,대학원,국제의료경영학과,R&D·연구원,6
2015년 하반기,서울4년,전자전기컴퓨터,전기·전자엔지니어,6
2022년 상반기,대학원,국제의료경영학과,경영·비즈니스기획,6
2022년 하반기,서울4년,공공인재학부,경영·비즈니스기획,6
2015년 하반기,서울4년,식품생명공학과,화학엔지니어,6
2017년 하반기,서울4년,산업시스템공학과,시스템엔지니어,6
2015년 상반기,지방4년,기계공학과,기계엔지니어,6
2017년 하반기,지방4년,노인복지보건,사무담당자,6
2016년 하반기,서울4년,건축학과,현장관리자,6
2015년 하반기,수도권4년,컴퓨터공학과,웹개발자,6
2017년 하반기,서울4년,회계세무학과,재무담당자,6
2017년 하반기,수도권4년,사이버보안학과,네트워크엔지니어,6
2019년 상반기,서울4년,화학공학/고분자공학부,화학엔지니어,6
2018년 하반기,서울4년,법,사무담당자,6
2015년 하반기,서울4년,기계공학과,기계엔지니어,6
2019년 하반기,수도권4년,응용화학생명공학과,품질관리자,6
2016년 상반기,서울4년,기계공학,기계엔지니어,6
2017년 상반기,대학원,생물공학,화학엔지니어,6
2015년 하반기,수도권4년,컴퓨터공학과,시스템엔지니어,6
2017년 하반기,서울4년,국어국문,온라인마케터,6
2015년 하반기,서울4년,컴퓨터학부,앱개발자,6
2015년 하반기,서울4년,컴퓨터공학부,앱개발자,6
2015년 상반기,수도권4년,경영학과,사무담당자,6
2018년 상반기,지방4년,경영학과,제품영업,6
2017년 상반기,지방4년,노인복지보건,사무담당자,6
2016년 하반기,고졸,0,사무담당자,6
2017년 상반기,대학원,전자컴퓨터통신공,기술·전문강사,6
2015년 하반기,서울4년,경제학과,MD,6
2015년 하반기,서울4년,경제학부,영업지원,6
2015년 하반기,지방4년,컴퓨터학부,앱개발자,6
2023년 상반기,서울4년,영어영문학,소프트웨어개발자,6
2018년 하반기,수도권4년,산업경영공학과,품질관리자,6
2018년 상반기,서울4년,전기전자,전기·전자엔지니어,6
2015년 하반기,지방4년,메카트로닉스공학과,품질관리자,6
2018년 하반기,수도권4년,관광경영,제품영업,6
2015년 하반기,지방4년,컴퓨터공학,앱개발자,6
2018년 하반기,서울4년,정보통신공학과,네트워크엔지니어,6
2015년 하반기,지방4년,화학공학부,품질관리자,6
2018년 하반기,수도권4년,경영학,영업지원,6
2021년 상반기,지방4년,경영학과,회계담당자,6
2016년 하반기,서울4년,정보시스템,기술·전문강사,6
2016년 하반기,서울4년,국제통상학과,제품영업,6
2017년 상반기,지방4년,기계설계공학과,기계엔지니어,5
2019년 상반기,지방4년,전자공학,전기·전자엔지니어,5
2016년 상반기,지방4년,환경공학과,화학엔지니어,5
2022년 하반기,수도권4년,신소재 공학,R&D·연구원,5
2016년 상반기,서울4년,금융경제,영업지원,5
2015년 하반기,지방4년,기계공학과,생산직종사자,5
2017년 상반기,대학원,산업공학,품질관리자,5
2021년 하반기,수도권4년,산업환경보건학과,전기기사,5
2020년 하반기,고졸,0,전기·전자엔지니어,5
2017년 상반기,고졸,0,전기·전자엔지니어,5
2019년 하반기,서울4년,독어독문학과,해외영업,5
2021년 하반기,대학원,기계공학과,기계엔지니어,5
2017년 상반기,서울4년,경제,경영·비즈니스기획,5
2015년 하반기,수도권4년,경제학과,영업지원,5
2018년 하반기,서울4년,법,제품영업,5
2016년 상반기,서울4년,경제학과,사무담당자,5
2021년 상반기,서울4년,전기공학과,전기·전자엔지니어,5
2015년 하반기,서울4년,컴퓨터공학과,앱개발자,5
2015년 하반기,지방4년,무역학,영업지원,5
2015년 하반기,서울4년,컴퓨터소프트웨어,앱개발자,5
2021년 상반기,수도권4년,화학과,품질관리자,5
2016년 하반기,지방4년,컴퓨터공학과,웹개발자,5
2020년 상반기,서울4년,경영학부,경영·비즈니스기획,5
2016년 하반기,지방4년,국제통상학부,사무담당자,5
2020년 하반기,서울4년,경영학부,금융영업,5
2016년 하반기,서울4년,영어통번역학과,제품영업,5
2017년 하반기,서울4년,금융학과,금융영업,5
2018년 상반기,지방4년,노인복지보건,사무담당자,5
2018년 하반기,대학원,환경보건학과,바이오·제약연구원,5
2016년 하반기,지방4년,컴퓨터학부,앱개발자,5
2017년 상반기,지방4년,전자공학,전기·전자엔지니어,5
2019년 상반기,서울4년,경영학부,제품영업,5
2015년 하반기,서울4년,미디어학부,온라인마케터,5
2016년 하반기,서울4년,식품자원경제학,자재관리자,5
2016년 상반기,지방4년,경제통상학부,사무담당자,5
2016년 하반기,수도권4년,정보통신전자공,시스템엔지니어,5
2016년 하반기,서울4년,소프트웨어공학과,웹개발자,5
2017년 상반기,수도권4년,산업경영공학과,품질관리자,5
2018년 상반기,해외대학,상경학부,구매관리자,5
2016년 하반기,대졸4년,컴퓨터학부,앱개발자,5
2019년 상반기,지방4년,신소재화학과,환경기사,5
2019년 상반기,서울4년,역사콘텐츠학과,사무담당자,5
2015년 하반기,수도권4년,화학공학과,품질관리자,5
2016년 하반기,서울4년,건축공학부,건축기사,5
2023년 상반기,서울4년,경영대학 경영학과,인바운드상담원,5
2015년 상반기,서울4년,기계공학과,기계엔지니어,5
2016년 하반기,서울4년,경영,제품영업,5
2022년 상반기,서울4년,컴퓨터공학과,웹개발자,5
2016년 상반기,고졸,0,생산직종사자,5
2019년 하반기,서울4년,회계학과,회계담당자,5
2021년 하반기,대학원,화공생명공학과,바이오·제약연구원,5
2021년 하반기,서울4년,경영학과,재무담당자,5
2016년 상반기,고졸,0,품질관리자,5
2017년 상반기,서울4년,정보통신전자공학부,앱개발자,5
2016년 하반기,서울4년,경영학과,사무담당자,5

Combination: ('회사명', '학력', '과', '지원 직종')
회사명,학력,과,지원 직종,count
한전KPS(주),고졸,0,전기·전자엔지니어,8
한국전력공사,고졸,0,전기·전자엔지니어,6
한국가스공사,고졸,0,전기·전자엔지니어,5
한국전력공사,지방4년,전자공학,전기·전자엔지니어,5
한국중부발전(주),지방4년,전자공학,전기·전자엔지니어,5
포스코홀딩스,고졸,0,생산직종사자,5
한국서부발전(주),고졸,0,전기·전자엔지니어,5

